Rank (Overall rank based on Gridiron AI predicted points.),Name,Team,Pos.,Bye,Injury,"Practice (The level of participation the player practiced--DNP (did not practice), LP (limited practice), FP (full practice), X (not listed))",Opp.,Game Time,"Outdoor Weather (Format is ""Temperature (F) | Wind Speed (MPH) | Hourly Precipitation (mm/hr)."" The forecast game time weather; note that for stadiums with domes this may be irrelevant.)",Stadium Roof (OPEN = no roof | FIXED = immobile roof | RETRACTABLE = roof that can open/close),Value (How valuable a player is overall taking into account both projected points and how difficult it is to find a replacement player at their position.),Pos. Rank (Rank sorted by position and based on Gridiron AI predicted points.),Expected Points (Expected fantasy points based on the selected scoring settings.),Downside Points (Downside fantasy points based on the selected scoring settings.),Upside Points (Upside fantasy points based on the selected scoring settings.),"3-G Points (The average points scored over the last three games excluding games where the player was inactive due to bye week, suspension, or injury.)","3-G Point Spread (The difference between max and min points in the last 3 weeks ignoring bye weeks, injuries, and suspensions. Requires the player to have been active in at least two of the last three games.)","3-G Yards (Average sum of passing, rushing, and receiving yards over the past three weeks. Skip BYE weeks, injuries, and suspensions.)","3-G TDs (Average sum of passing, rushing, and receiving touchdowns over the past three weeks. Skip BYE weeks, injuries, and suspensions.)","3-G Turnovers (Average sum of fumbles and interceptions over the past three weeks. Skip BYE weeks, injuries, and suspensions.)","LG Touches (Sum of passing attempts, rushing attempts, and targets last week.)","3-G Touches (Average sum of passing attempts, rushing attempts, and targets over the past three weeks. Skip BYE weeks, injuries, and suspensions.)",LG Snap % (Percent of snaps the player was on the field last week.),"3-G Snap % (Average percent of snaps the player was on the field over the past three weeks. Skip BYE weeks, injuries, and suspensions.)",LG Touch % (Percent of snaps last week the player accrued a touch when they were on the field for the play.),"3-G Touch % (Average percent of snaps over the past three weeks the player accrued a touch when they were on the field for the play. Skip BYE weeks, injuries, and suspensions.)",Gridiron ID (The Gridiron AI player ID),FanDuel ID (The FanDuel player ID),DraftKings ID (The DraftKings player ID)
1,Josh Allen,BUF,QB,7,,,LAC,Sun 01:00PM EST,,OPEN,20,1,20.1,8.0,33.7,38.2,5.2,337.0,4.5,1.0,45.0,40.0,100.0,67.0,60.8,60.5,5005,62239,868199
2,Brock Purdy,SF,QB,8,,,ARI,Sun 04:05PM EST,,OPEN,33,2,19.0,6.9,32.2,18.3,23.3,233.0,2.0,0.7,25.0,31.0,85.0,95.0,56.8,61.9,28863,85607,1121761
3,Patrick Mahomes,KC,QB,5,,FP-FP-FP,@MIA,Sun 01:00PM EST,,OPEN,40,3,18.1,6.9,30.1,25.3,7.3,303.0,3.0,0.5,49.0,41.5,100.0,100.0,61.3,55.3,4951,57439,839031
4,Kenneth Walker III,KC,RB,5,,,@MIA,Sun 01:00PM EST,,OPEN,2,1,17.8,5.5,34.5,22.9,17.3,167.3,0.7,0.0,34.0,27.7,82.0,64.0,51.5,60.7,28645,103342,1164402
5,Derrick Henry,BAL,RB,13,,,@DAL,Sun 04:25PM EST,,,3,2,17.6,5.3,35.8,21.2,22.2,125.3,1.3,0.0,19.0,21.7,53.0,59.3,61.3,62.4,4232,39280,732145
6,Jared Goff,DET,QB,6,,,NYJ,Sun 01:00PM EST,,FIXED,45,4,17.5,8.8,25.3,20.5,14.5,291.0,2.3,1.3,41.0,41.3,100.0,100.0,63.1,57.9,4460,38435,727837
7,Bryce Young,CAR,QB,5,,,@CLE,Sun 01:00PM EST,,OPEN,51,5,17.0,6.9,29.4,24.1,14.8,309.7,3.0,1.0,37.0,37.7,94.0,94.7,59.7,65.4,29162,,1213257
8,Tyler Shough,NO,QB,8,,,LVR,Sun 04:25PM EST,,FIXED,54,6,16.9,6.9,26.8,22.4,1.4,328.7,2.3,2.0,43.0,47.0,100.0,100.0,63.2,61.9,30336,,1110306
9,Trevor Lawrence,JAX,QB,7,,,NE,Sun 01:00PM EST,,OPEN,55,7,16.8,6.5,25.9,18.5,19.9,236.3,2.3,0.3,31.0,29.3,100.0,90.0,52.5,55.5,28006,89951,1110711
10,Lamar Jackson,BAL,QB,13,,,@DAL,Sun 04:25PM EST,,,56,8,16.7,5.3,27.6,20.1,10.2,293.3,2.0,1.0,35.0,29.7,100.0,100.0,60.3,50.2,5029,63115,877745
11,Amon-Ra St. Brown,DET,WR,6,,,NYJ,Sun 01:00PM EST,,FIXED,1,1,16.3,7.8,28.3,24.6,11.3,116.0,1.3,0.0,13.0,14.0,95.0,93.3,21.0,21.0,28117,86997,1127106
12,Jahmyr Gibbs,DET,RB,6,,,NYJ,Sun 01:00PM EST,,FIXED,6,3,16.3,4.8,31.2,23.4,12.3,137.3,1.3,0.3,24.0,27.3,83.0,76.0,44.4,50.1,29173,,1214154
13,Joe Burrow,CIN,QB,6,Q,LP-LP-FP,@PIT,Sun 01:00PM EST,,OPEN,59,9,16.3,6.8,27.8,17.2,7.0,244.3,2.0,0.7,32.0,37.7,100.0,99.7,53.3,59.0,27444,63336,878785
14,Jalen Hurts,PHI,QB,10,,,@CHI,Mon 08:15PM EST,,OPEN,62,10,16.1,6.9,26.7,20.4,8.6,264.5,2.5,1.0,42.0,37.0,100.0,100.0,55.3,56.8,27496,69531,913271
15,Bijan Robinson,ATL,RB,11,,,@GB,Thu 08:15PM EST,,OPEN,7,4,15.9,5.6,32.8,14.2,21.5,99.0,0.3,0.7,20.0,23.0,51.0,70.7,57.1,52.8,29169,,1228244
16,Bo Nix,DEN,QB,10,,,LA,Sun 08:20PM EST,,OPEN,63,11,15.9,6.1,29.2,10.0,8.7,205.7,0.7,1.7,36.0,32.7,100.0,100.0,58.1,57.1,29884,,1161899
17,Dak Prescott,DAL,QB,14,,,BAL,Sun 04:25PM EST,,,67,12,15.7,7.2,24.1,15.0,29.0,187.7,2.0,0.7,35.0,28.0,100.0,83.7,63.6,57.4,4246,31716,591816
18,Matthew Stafford,LA,QB,11,,,@DEN,Sun 08:20PM EST,,OPEN,68,13,15.6,7.3,23.8,19.3,22.9,247.3,2.7,0.7,35.0,34.3,100.0,93.3,56.5,55.4,566,6654,323205
19,Jordan Love,GB,QB,11,,,ATL,Thu 08:15PM EST,,OPEN,70,14,15.4,6.7,22.5,16.6,5.7,266.0,2.0,2.0,29.0,36.0,100.0,100.0,49.2,56.2,27469,69017,912137
20,Christian McCaffrey,SF,RB,8,,DNP-FP-FP,ARI,Sun 04:05PM EST,,OPEN,9,5,15.3,5.0,28.1,13.5,11.9,70.3,0.7,0.0,14.0,15.7,52.0,64.3,51.9,47.9,4669,55050,830517
21,Chase Brown,CIN,RB,6,,,@PIT,Sun 01:00PM EST,,OPEN,10,6,15.1,5.0,27.5,14.3,7.3,83.3,0.7,0.0,25.0,22.0,70.0,66.0,59.5,52.4,29324,,1123379
22,Puka Nacua,LA,WR,11,O,DNP-DNP-DNP,@DEN,Sun 08:20PM EST,,OPEN,4,2,14.8,7.4,26.2,15.4,11.1,87.0,0.5,0.0,,11.0,,69.5,,22.9,29338,,1162128
23,Chris Olave,NO,WR,8,Q,X-LP-LP,LVR,Sun 04:25PM EST,,FIXED,5,3,14.5,6.9,27.5,20.9,4.6,134.0,0.5,0.0,10.0,11.5,84.0,85.0,17.5,17.2,28615,87770,1122592
24,Jonathan Taylor,IND,RB,13,,LP-FP-FP,HOU,Sun 01:00PM EST,,RETRACTABLE,13,7,14.2,4.4,27.1,18.6,22.3,97.3,1.3,0.3,28.0,22.3,94.0,78.3,45.9,47.0,27484,89675,1065406
25,Jacoby Brissett,ARI,QB,14,,,@SF,Sun 04:05PM EST,,OPEN,86,15,14.2,6.0,24.0,12.9,10.0,218.3,1.3,1.0,29.0,35.3,100.0,100.0,58.0,59.0,4295,30231,607047
26,Justin Herbert,LAC,QB,7,,,@BUF,Sun 01:00PM EST,,OPEN,87,16,14.1,5.1,25.7,10.6,5.4,216.0,1.0,3.0,30.0,31.0,100.0,100.0,44.1,51.2,27449,69189,910562
27,Jaxon Smith-Njigba,SEA,WR,11,,,@WAS,Sun 01:00PM EST,,OPEN,8,4,14.0,6.2,26.5,23.9,26.6,120.3,1.3,0.0,11.0,10.0,67.0,80.0,23.4,20.6,29181,,1214087
28,C.J. Stroud,HOU,QB,8,,,@IND,Sun 01:00PM EST,,RETRACTABLE,91,17,14.0,6.2,22.7,16.9,0.8,281.7,1.3,0.7,58.0,41.0,100.0,88.3,72.5,60.0,29163,,1214084
29,Drake Maye,NE,QB,11,,,@JAX,Sun 01:00PM EST,,OPEN,93,18,13.8,4.7,24.8,11.2,7.7,227.3,0.7,1.3,26.0,29.7,100.0,92.0,47.3,51.6,29991,,1286803
30,Ashton Jeanty,LVR,RB,13,,FP-FP-FP,@NO,Sun 04:25PM EST,,FIXED,15,8,13.7,4.3,25.1,16.3,21.4,101.3,0.7,0.0,28.0,29.3,81.0,84.0,54.9,54.9,30302,,1379646
31,Baker Mayfield,TB,QB,10,Q,FP-FP-FP,MIN,Sun 04:05PM EST,,OPEN,99,19,13.5,5.3,25.0,12.3,1.6,230.3,1.0,2.0,38.0,32.3,100.0,100.0,58.5,51.7,4999,41535,748070
32,Parker Washington,JAX,WR,7,,,NE,Sun 01:00PM EST,,OPEN,11,5,13.2,5.6,23.8,15.8,3.9,89.3,0.7,0.0,12.0,9.0,81.0,72.0,25.0,20.7,29346,,1229074
33,James Cook,BUF,RB,7,,,LAC,Sun 01:00PM EST,,OPEN,19,9,12.9,4.0,23.3,10.1,18.9,74.3,0.3,0.3,24.0,14.3,74.0,49.7,43.6,61.4,28666,91626,1131012
34,Kirk Cousins,LVR,QB,13,,,@NO,Sun 04:25PM EST,,FIXED,107,20,12.9,6.8,21.4,14.6,11.0,196.0,2.3,1.3,33.0,34.3,100.0,100.0,52.4,53.2,2835,22038,403308
35,Geno Smith,NYJ,QB,13,,,@DET,Sun 01:00PM EST,,FIXED,108,21,12.9,5.5,19.7,12.4,6.3,243.0,0.5,1.0,46.0,38.0,100.0,100.0,62.2,53.5,3052,26483,513856
36,Deshaun Watson,CLE,QB,11,,,CAR,Sun 01:00PM EST,,OPEN,110,22,12.8,5.3,22.5,16.9,5.7,251.5,1.5,1.0,37.0,32.5,100.0,100.0,63.8,59.3,4625,54879,828743
37,Ja'Marr Chase,CIN,WR,6,,,@PIT,Sun 01:00PM EST,,OPEN,12,6,12.7,4.8,25.5,14.9,20.8,61.0,1.0,0.0,9.0,7.7,88.0,94.0,17.0,12.8,28010,85701,1109979
38,Cam Ward,TEN,QB,9,,,@NYG,Sun 01:00PM EST,,OPEN,115,23,12.7,4.8,23.0,13.6,10.8,138.0,1.3,0.0,24.0,21.7,100.0,69.7,45.3,72.4,30297,,1228691
39,Jameis Winston,NYG,QB,8,,,TEN,Sun 01:00PM EST,,OPEN,116,24,12.6,6.7,22.2,2.5,,112.0,0.0,1.0,29.0,29.0,88.0,88.0,56.9,56.9,3869,24849,691536
40,Daniel Jones,IND,QB,13,,,HOU,Sun 01:00PM EST,,RETRACTABLE,118,25,12.5,6.1,21.5,10.2,2.4,195.0,1.0,1.0,34.0,33.0,100.0,100.0,52.3,55.8,27086,63519,879981
41,Kyren Williams,LA,RB,11,,,@DEN,Sun 08:20PM EST,,OPEN,22,10,12.3,3.6,22.6,12.8,5.1,81.0,0.7,0.3,14.0,15.0,55.0,60.7,41.2,37.8,28766,104433,1167361
42,Malik Willis,MIA,QB,6,,FP-FP-FP,KC,Sun 01:00PM EST,,OPEN,120,26,12.3,3.8,24.0,14.6,4.2,231.0,1.0,1.0,25.0,29.0,100.0,100.0,42.4,50.6,28689,87691,976323
43,Zay Flowers,BAL,WR,13,Q,DNP-DNP-LP,@DAL,Sun 04:25PM EST,,,16,7,12.2,4.9,22.8,25.6,4.3,144.0,1.5,0.0,,6.0,,63.5,,21.0,29183,,1177053
44,Christian Watson,GB,WR,11,,,ATL,Thu 08:15PM EST,,OPEN,17,8,12.2,4.6,22.1,20.9,17.6,94.0,1.5,0.0,11.0,9.5,90.0,83.0,20.8,18.1,28638,169776,1067918
45,D'Andre Swift,CHI,RB,10,,LP-LP-FP,PHI,Mon 08:15PM EST,,OPEN,28,11,12.1,3.0,23.1,15.9,26.6,93.7,1.0,0.3,21.0,17.3,68.0,61.0,42.0,41.2,27478,91598,1069808
46,Trey McBride,ARI,TE,14,,DNP-FP-FP,@SF,Sun 04:05PM EST,,OPEN,14,1,11.9,5.1,22.7,14.7,10.0,67.0,0.7,0.0,10.0,10.3,88.0,87.7,22.7,19.9,28659,91750,1108161
47,Cam Skattebo,NYG,RB,8,,,TEN,Sun 01:00PM EST,,OPEN,30,12,11.9,3.7,22.2,10.8,6.6,68.0,0.5,1.0,16.0,17.0,59.0,60.0,47.1,45.0,30400,,1280316
48,Michael Wilson,ARI,WR,14,,,@SF,Sun 04:05PM EST,,OPEN,18,9,11.8,5.2,22.8,9.8,15.6,57.7,0.3,0.0,7.0,7.3,94.0,90.7,14.9,13.8,29255,,1123529
49,Bucky Irving,TB,RB,10,,,MIN,Sun 04:05PM EST,,OPEN,31,13,11.8,3.3,22.5,12.7,6.5,93.7,0.3,0.3,21.0,21.3,78.0,67.3,41.2,50.3,29791,,1287923
50,Omarion Hampton,LAC,RB,7,,,@BUF,Sun 01:00PM EST,,OPEN,32,14,11.8,3.8,21.5,12.4,8.2,79.0,1.0,1.0,25.0,18.5,63.0,60.5,58.1,47.8,30318,,1398572
51,Aaron Jones,MIN,RB,6,,DNP-LP-FP,@TB,Sun 04:05PM EST,,OPEN,34,15,11.5,3.7,21.9,10.2,0.5,72.5,0.5,0.0,23.0,18.0,81.0,63.5,54.8,49.0,4769,40442,741314
52,Javonte Williams,DAL,RB,14,,,BAL,Sun 04:25PM EST,,,35,16,11.5,3.0,21.2,14.1,15.2,61.0,1.0,0.0,16.0,16.5,80.0,75.5,36.4,39.0,28040,93541,1107881
53,Travis Etienne,NO,RB,8,Q,LP-LP-FP,LVR,Sun 04:25PM EST,,FIXED,38,17,11.3,2.7,21.6,6.6,7.2,49.0,0.0,0.0,10.0,14.3,54.0,56.3,27.0,35.0,28030,89956,978577
54,Michael Penix Jr.,ATL,QB,11,,FP-FP-FP,@GB,Thu 08:15PM EST,,OPEN,133,27,11.3,4.9,18.5,,,,,,,,,,,,29994,,1107478
55,Rashee Rice,KC,WR,5,,FP-FP-FP,@MIA,Sun 01:00PM EST,,OPEN,21,10,11.1,4.5,20.7,9.6,1.4,51.0,0.5,0.0,6.0,4.0,79.0,81.0,9.5,6.5,29216,,1173538
56,Justin Jefferson,MIN,WR,6,Q,,@TB,Sun 04:05PM EST,,OPEN,23,11,11.0,5.0,20.9,15.5,18.2,83.7,0.7,0.0,6.0,9.0,100.0,89.3,11.5,16.7,27465,85671,1069535
57,CeeDee Lamb,DAL,WR,14,,,BAL,Sun 04:25PM EST,,,24,12,11.0,3.8,21.9,15.0,30.4,67.0,1.0,0.0,9.0,6.3,75.0,67.0,22.0,15.0,27460,86631,1062020
58,Tee Higgins,CIN,WR,6,,,@PIT,Sun 01:00PM EST,,OPEN,25,13,10.9,3.8,21.0,11.7,8.3,73.7,0.3,0.0,10.0,8.3,72.0,77.0,23.3,17.2,27476,89981,978579
59,DeVonta Smith,PHI,WR,10,,DNP-LP-FP,@CHI,Mon 08:15PM EST,,OPEN,26,14,10.9,3.8,20.4,12.1,16.0,74.0,0.3,0.0,13.0,7.7,88.0,65.7,19.4,25.1,28015,90576,1060262
60,Garrett Wilson,NYJ,WR,13,,,@DET,Sun 01:00PM EST,,FIXED,27,15,10.9,4.2,20.4,12.6,3.3,68.0,0.5,0.0,7.0,7.0,88.0,81.5,10.8,12.4,28614,103564,1164889
61,Aaron Rodgers,PIT,QB,9,,,CIN,Sun 01:00PM EST,,OPEN,139,28,10.9,4.7,18.1,11.5,13.8,241.3,0.7,1.0,40.0,43.7,96.0,98.7,59.7,62.6,862,6894,213957
62,Chuba Hubbard,CAR,RB,5,,,@CLE,Sun 01:00PM EST,,OPEN,44,18,10.8,2.0,20.7,12.8,19.5,56.0,1.0,0.0,14.0,11.3,65.0,60.3,32.6,30.0,28131,87467,1062047
63,Jaylen Warren,PIT,RB,9,Q,,CIN,Sun 01:00PM EST,,OPEN,47,19,10.7,2.0,21.1,9.6,4.6,83.0,0.0,0.3,15.0,16.7,71.0,48.3,30.0,54.0,28972,112057,1176443
64,Tony Pollard,TEN,RB,9,,DNP-LP-LP,@NYG,Sun 01:00PM EST,,OPEN,52,20,10.4,3.1,19.6,6.3,4.0,54.7,0.0,0.0,15.0,13.7,55.0,56.7,51.7,45.4,27039,63759,880398
65,Drake London,ATL,WR,11,,,@GB,Thu 08:15PM EST,,OPEN,37,16,10.3,3.9,21.1,9.1,11.3,54.0,0.3,0.0,6.0,6.3,62.0,84.7,14.0,12.0,28612,112745,1178741
66,Sam LaPorta,DET,TE,6,,,NYJ,Sun 01:00PM EST,,FIXED,29,2,10.2,4.1,18.5,10.8,6.9,50.0,0.5,0.0,7.0,7.5,98.0,89.5,10.9,11.9,29195,,1168926
67,Jameson Williams,DET,WR,6,,,NYJ,Sun 01:00PM EST,,FIXED,41,17,10.0,3.5,19.6,7.1,6.1,50.7,0.0,0.0,4.0,7.0,97.0,92.0,6.3,10.6,28616,111631,1175184
68,Tetairoa McMillan,CAR,WR,5,,,@CLE,Sun 01:00PM EST,,OPEN,42,18,10.0,3.8,19.1,10.4,4.6,87.0,0.0,0.3,10.0,8.0,80.0,83.3,18.9,15.5,30304,,1380576
69,Quinshon Judkins,CLE,RB,11,,X-LP-FP,CAR,Sun 01:00PM EST,,OPEN,61,21,9.9,1.9,21.1,6.7,1.3,49.0,0.0,0.0,17.0,15.5,67.0,66.0,43.6,43.0,30332,,1383807
70,Brock Bowers,LVR,TE,13,Q,LP-LP-DNP,@NO,Sun 04:25PM EST,,FIXED,36,3,9.7,3.6,17.7,,,,,,,,,,,,29820,,1285917
71,Devaughn Vele,NO,WR,8,,,LVR,Sun 04:25PM EST,,FIXED,48,19,9.6,3.8,18.9,12.6,7.5,66.5,0.5,0.0,7.0,8.0,96.0,93.5,10.8,10.9,29885,,1164788
72,Matthew Golden,GB,WR,11,,,ATL,Thu 08:15PM EST,,OPEN,49,20,9.6,2.9,19.7,7.2,11.2,53.7,0.0,0.0,6.0,7.0,86.0,89.3,11.8,13.0,30319,,1379267
73,Dalton Kincaid,BUF,TE,7,,,LAC,Sun 01:00PM EST,,OPEN,39,4,9.5,3.8,17.6,13.6,12.7,91.0,0.3,0.0,8.0,5.7,66.0,50.3,16.3,20.2,29186,,1135513
74,Travis Kelce,KC,TE,5,,,@MIA,Sun 01:00PM EST,,OPEN,43,5,9.3,3.9,16.8,10.6,17.9,61.3,0.3,0.3,11.0,7.3,85.0,78.7,16.2,12.7,3402,33076,448240
75,Tyler Bass,BUF,K,7,,,LAC,Sun 01:00PM EST,,OPEN,103,1,9.21,6.05,14.86,,,,,,,,,,,,27630,,
76,David Montgomery,HOU,RB,8,,,@IND,Sun 01:00PM EST,,RETRACTABLE,74,22,9.2,1.3,20.3,12.3,24.0,52.7,1.0,0.0,8.0,13.3,52.0,47.7,19.0,35.7,27109,73273,946739
77,Jeremiyah Love,ARI,RB,14,,,@SF,Sun 04:05PM EST,,OPEN,75,23,9.2,1.5,19.1,9.0,6.0,47.5,0.5,0.0,12.0,13.5,40.0,41.5,60.0,53.5,31428,,
78,DK Metcalf,PIT,WR,9,,,CIN,Sun 01:00PM EST,,OPEN,58,21,9.1,3.4,17.1,5.3,1.3,33.5,0.0,0.0,9.0,9.5,97.0,96.5,13.2,14.4,27092,73048,945633
79,Saquon Barkley,PHI,RB,10,,LP-FP-FP,@CHI,Mon 08:15PM EST,,OPEN,76,24,9.1,1.9,17.9,5.7,6.3,50.0,0.0,0.0,6.0,11.5,16.0,43.5,50.0,46.8,26432,64401,883302
80,Seattle Seahawks D/ST,SEA,DST,11,,,@WAS,Sun 01:00PM EST,,OPEN,106,1,9.1,3.44,13.29,,,,,,,,,,,,dst-SEA,,
81,Colston Loveland,CHI,TE,10,,,PHI,Mon 08:15PM EST,,OPEN,46,6,9.0,2.9,17.9,7.0,20.1,31.3,0.3,0.0,3.0,6.0,86.0,88.0,4.7,11.3,30306,,1378821
82,Khalil Shakir,BUF,WR,7,,,LAC,Sun 01:00PM EST,,OPEN,60,22,9.0,3.8,16.3,6.2,1.7,44.0,0.0,0.0,6.0,6.0,49.0,51.0,16.7,18.0,28750,86518,1130603
83,Kansas City Chiefs D/ST,KC,DST,5,,,@MIA,Sun 01:00PM EST,,OPEN,117,2,8.99,5.34,13.36,,,,,,,,,,,,dst-KC,,
84,Tucker Kraft,GB,TE,11,,,ATL,Thu 08:15PM EST,,OPEN,50,7,8.8,3.2,16.3,5.2,5.5,40.0,0.0,0.5,3.0,4.5,98.0,82.0,5.2,9.2,29239,,1181874
85,Davante Adams,LA,WR,11,,DNP-FP-FP,@DEN,Sun 08:20PM EST,,OPEN,64,23,8.8,2.5,17.4,19.8,31.4,110.5,1.0,0.0,10.0,8.0,65.0,59.5,25.0,21.6,3535,45889,611417
86,Mike Evans,SF,WR,8,Q,DNP-DNP-LP,ARI,Sun 04:05PM EST,,OPEN,65,24,8.8,3.3,17.4,8.4,9.5,45.7,0.3,0.0,3.0,4.0,54.0,68.0,10.7,9.7,3468,32384,593587
87,Wan'Dale Robinson,TEN,WR,9,,,@NYG,Sun 01:00PM EST,,OPEN,66,25,8.8,3.4,16.3,3.8,4.9,23.5,0.0,0.0,1.0,3.5,53.0,67.5,3.6,9.1,28647,103539,1164875
88,Eddy Pineiro,SF,K,8,,,ARI,Sun 04:05PM EST,,OPEN,141,2,8.77,5.97,11.75,,,,,,,,,,,,26404,,
89,Evan McPherson,CIN,K,6,,,@PIT,Sun 01:00PM EST,,OPEN,146,3,8.71,6.86,12.95,,,,,,,,,,,,28154,,
90,Harold Fannin Jr.,CLE,TE,11,,,CAR,Sun 01:00PM EST,,OPEN,53,8,8.7,2.9,16.9,5.5,4.8,37.5,0.0,0.0,6.0,4.5,86.0,84.0,12.0,9.6,30363,,1394752
91,Sam Darnold,SEA,QB,11,,LP-FP-FP,@WAS,Sun 01:00PM EST,,OPEN,171,29,8.7,0.9,16.8,4.7,8.3,110.0,0.0,0.5,,17.0,,55.0,,43.2,5001,63589,880026
92,Harrison Butker,KC,K,5,,,@MIA,Sun 01:00PM EST,,OPEN,148,4,8.69,5.96,11.11,,,,,,,,,,,,4791,,
93,Ka'imi Fairbairn,HOU,K,8,,,@IND,Sun 01:00PM EST,,RETRACTABLE,159,5,8.56,6.57,12.33,,,,,,,,,,,,4623,,
94,Rhamondre Stevenson,NE,RB,11,,,@JAX,Sun 01:00PM EST,,OPEN,90,25,8.5,1.2,17.9,16.5,31.2,98.0,1.0,0.3,8.0,13.7,36.0,56.0,40.0,37.4,28125,111540,1174682
95,Trey Smack,GB,K,11,,,ATL,Thu 08:15PM EST,,OPEN,166,6,8.46,5.61,13.4,,,,,,,,,,,,31311,,
96,George Kittle,SF,TE,8,,LP-LP-FP,ARI,Sun 04:05PM EST,,OPEN,57,9,8.4,3.2,15.8,7.9,13.8,40.3,0.3,0.0,4.0,5.3,48.0,63.0,16.0,16.7,4667,39793,733672
97,Malik Nabers,NYG,WR,8,,LP-FP-FP,TEN,Sun 01:00PM EST,,OPEN,73,26,8.4,3.1,16.6,5.2,9.3,35.0,0.0,0.0,4.0,6.5,74.0,63.0,9.3,17.1,29915,,1286059
98,Jake Bates,DET,K,6,,,NYJ,Sun 01:00PM EST,,FIXED,176,7,8.32,5.6,11.41,,,,,,,,,,,,30093,,
99,New York Giants D/ST,NYG,DST,8,,,TEN,Sun 01:00PM EST,,OPEN,147,3,8.31,4.5,12.85,,,,,,,,,,,,dst-NYG,,
100,Tyler Loop,BAL,K,13,,,@DAL,Sun 04:25PM EST,,,181,8,8.27,4.45,9.73,,,,,,,,,,,,30480,,
101,Brandon Aubrey,DAL,K,14,,,BAL,Sun 04:25PM EST,,,182,9,8.27,5.17,11.61,,,,,,,,,,,,29616,,
102,Jason Myers,SEA,K,11,,,@WAS,Sun 01:00PM EST,,OPEN,184,10,8.25,6.2,10.86,,,,,,,,,,,,3792,,
103,Romeo Doubs,NE,WR,11,,,@JAX,Sun 01:00PM EST,,OPEN,77,27,8.2,2.0,16.8,5.5,11.1,48.0,0.0,0.5,4.0,3.5,67.0,61.5,10.8,9.2,28734,94370,1122653
104,Jacory Croskey-Merritt,WAS,RB,7,,,SEA,Sun 01:00PM EST,,OPEN,97,26,8.2,2.8,16.1,7.0,9.9,44.3,0.3,0.3,13.0,14.3,37.0,40.7,50.0,50.7,30539,,1191186
105,Bhayshul Tuten,JAX,RB,7,,,NE,Sun 01:00PM EST,,OPEN,98,27,8.2,2.5,15.7,10.4,5.2,57.7,0.7,0.0,15.0,12.0,51.0,42.0,50.0,46.1,30399,,1327169
106,Carolina Panthers D/ST,CAR,DST,5,,,@CLE,Sun 01:00PM EST,,OPEN,153,4,8.17,4.49,12.92,,,,,,,,,,,,dst-CAR,,
107,Cairo Santos,CHI,K,10,,DNP-DNP-FP,PHI,Mon 08:15PM EST,,OPEN,196,11,8.15,4.34,13.16,,,,,,,,,,,,3399,,
108,Green Bay Packers D/ST,GB,DST,11,,,ATL,Thu 08:15PM EST,,OPEN,155,5,8.12,2.9,12.22,,,,,,,,,,,,dst-GB,,
109,Cam Little,JAX,K,7,,,NE,Sun 01:00PM EST,,OPEN,198,12,8.12,6.07,10.97,,,,,,,,,,,,29960,,
110,Spencer Shrader,IND,K,13,,,HOU,Sun 01:00PM EST,,RETRACTABLE,199,13,8.11,6.1,13.86,,,,,,,,,,,,30148,,
111,Daniel Carlson,NO,K,8,,,LVR,Sun 04:25PM EST,,FIXED,204,14,8.09,5.23,11.85,,,,,,,,,,,,5164,,
112,Harrison Mevis,LA,K,11,,,@DEN,Sun 08:20PM EST,,OPEN,209,15,8.03,5.0,12.64,,,,,,,,,,,,29931,,
113,Stefon Diggs,WAS,WR,7,,,SEA,Sun 01:00PM EST,,OPEN,80,28,8.0,2.7,16.1,12.8,13.4,48.3,1.0,0.0,6.0,6.0,51.0,53.3,16.7,16.1,3989,25079,694041
114,George Pickens,DAL,WR,14,,,BAL,Sun 04:25PM EST,,,81,29,8.0,2.8,15.6,4.2,5.6,25.7,0.0,0.0,8.0,5.7,76.0,68.3,19.0,14.4,28656,110246,1172053
115,Chris Godwin Jr.,TB,WR,10,,,MIN,Sun 04:05PM EST,,OPEN,83,30,7.9,2.9,15.7,5.0,6.0,36.3,0.0,0.0,4.0,3.3,86.0,80.7,7.1,6.5,4724,55635,835127
116,Quentin Johnston,LAC,WR,7,,,@BUF,Sun 01:00PM EST,,OPEN,84,31,7.9,2.4,16.1,2.3,0.8,15.5,0.0,0.0,6.0,6.0,81.0,79.5,10.9,12.4,29182,,1213865
117,Josh Downs,IND,WR,13,,,HOU,Sun 01:00PM EST,,RETRACTABLE,85,32,7.9,2.7,15.4,7.8,6.0,55.0,0.0,0.0,9.0,6.0,83.0,78.3,16.7,12.4,29240,,1215077
118,Houston Texans D/ST,HOU,DST,8,,,@IND,Sun 01:00PM EST,,RETRACTABLE,164,6,7.9,2.94,12.45,,,,,,,,,,,,dst-HOU,,
119,Detroit Lions D/ST,DET,DST,6,,,NYJ,Sun 01:00PM EST,,FIXED,165,7,7.9,3.64,11.39,,,,,,,,,,,,dst-DET,,
120,Jake Elliott,PHI,K,10,,,@CHI,Mon 08:15PM EST,,OPEN,225,16,7.85,4.76,11.32,,,,,,,,,,,,4717,,
121,Dalton Schultz,HOU,TE,8,,DNP-X-X,@IND,Sun 01:00PM EST,,RETRACTABLE,69,10,7.8,3.2,14.1,11.6,14.5,82.7,0.0,0.0,14.0,8.7,68.0,63.3,25.9,17.3,5134,55042,830523
122,Deebo Samuel Sr.,SF,WR,8,,,ARI,Sun 04:05PM EST,,OPEN,88,33,7.8,1.6,16.5,7.7,11.9,38.7,0.3,0.3,5.0,6.7,60.0,57.7,16.1,20.0,27061,56018,835749
123,Luther Burden III,CHI,WR,10,,,PHI,Mon 08:15PM EST,,OPEN,89,34,7.8,3.0,15.7,5.9,2.3,47.3,0.0,0.3,7.0,6.0,57.0,64.0,16.7,14.1,30335,,1377732
124,Chase McLaughlin,TB,K,10,,,MIN,Sun 04:05PM EST,,OPEN,240,17,7.77,4.57,11.71,,,,,,,,,,,,27340,,
125,Minnesota Vikings D/ST,MIN,DST,6,,,@TB,Sun 04:05PM EST,,OPEN,170,8,7.74,2.1,12.25,,,,,,,,,,,,dst-MIN,,
126,Will Reichard,MIN,K,6,,,@TB,Sun 04:05PM EST,,OPEN,249,18,7.73,5.1,10.76,,,,,,,,,,,,29864,,
127,San Francisco 49ers D/ST,SF,DST,8,,,ARI,Sun 04:05PM EST,,OPEN,173,9,7.71,3.38,10.28,,,,,,,,,,,,dst-SF,,
128,Cade Otton,TB,TE,10,,,MIN,Sun 04:05PM EST,,OPEN,71,11,7.7,2.6,14.5,9.8,14.8,52.7,0.3,0.3,6.0,6.7,89.0,94.3,10.3,11.1,28709,86811,1049263
129,Tyler Warren,IND,TE,13,,,HOU,Sun 01:00PM EST,,RETRACTABLE,72,12,7.7,2.5,14.2,8.4,6.3,21.0,0.7,0.0,8.0,7.0,89.0,88.0,13.8,13.0,30310,,1229083
130,Jaylen Waddle,DEN,WR,10,,,LA,Sun 08:20PM EST,,OPEN,92,35,7.7,2.4,16.1,9.2,17.1,70.0,0.0,0.0,10.0,6.5,61.0,68.0,26.3,17.1,28011,90573,1125749
131,Jacksonville Jaguars D/ST,JAX,DST,7,,,NE,Sun 01:00PM EST,,OPEN,175,10,7.67,4.59,11.72,,,,,,,,,,,,dst-JAX,,
132,Wil Lutz,DEN,K,10,,,LA,Sun 08:20PM EST,,OPEN,258,19,7.67,5.32,11.75,,,,,,,,,,,,4202,,
133,Ryan Fitzgerald,CAR,K,5,,,@CLE,Sun 01:00PM EST,,OPEN,259,20,7.66,4.52,10.87,,,,,,,,,,,,30661,,
134,Dominic Zvada,NYG,K,8,,,TEN,Sun 01:00PM EST,,OPEN,271,21,7.63,4.37,9.55,,,,,,,,,,,,31546,,
135,Andy Borregales,NE,K,11,,,@JAX,Sun 01:00PM EST,,OPEN,272,22,7.63,4.74,10.98,,,,,,,,,,,,30477,,
136,Rashod Bateman,BAL,WR,13,,,@DAL,Sun 04:25PM EST,,,95,36,7.6,2.3,16.4,9.2,18.3,44.0,0.5,0.0,9.0,5.0,93.0,85.5,16.7,9.3,28032,85845,1108208
137,Matt Gay,LVR,K,13,,,@NO,Sun 04:25PM EST,,FIXED,281,23,7.59,4.89,11.99,,,,,,,,,,,,27140,,
138,Philadelphia Eagles D/ST,PHI,DST,10,,,@CHI,Mon 08:15PM EST,,OPEN,178,11,7.58,3.26,13.69,,,,,,,,,,,,dst-PHI,,
139,Cincinnati Bengals D/ST,CIN,DST,6,,,@PIT,Sun 01:00PM EST,,OPEN,179,12,7.58,2.96,11.7,,,,,,,,,,,,dst-CIN,,
140,New Orleans Saints D/ST,NO,DST,8,,,LVR,Sun 04:25PM EST,,FIXED,180,13,7.51,3.15,11.71,,,,,,,,,,,,dst-NO,,
141,Terry McLaurin,WAS,WR,7,,,SEA,Sun 01:00PM EST,,OPEN,100,37,7.5,2.8,14.7,5.4,5.3,40.3,0.0,0.0,9.0,5.7,70.0,75.7,18.0,11.0,27017,56250,836116
142,Tre Tucker,LVR,WR,13,,,@NO,Sun 04:25PM EST,,FIXED,101,38,7.5,2.1,14.6,9.5,16.7,60.0,0.3,0.0,7.0,6.0,59.0,76.0,18.9,12.9,29261,,1164979
143,Ryan Flournoy,DAL,WR,14,,,BAL,Sun 04:25PM EST,,,102,39,7.5,2.9,15.5,5.8,6.1,37.7,0.0,0.0,6.0,5.7,76.0,78.0,14.3,12.9,29814,,1393832
144,Nick Folk,ATL,K,11,,,@GB,Thu 08:15PM EST,,OPEN,347,24,7.46,4.59,12.22,,,,,,,,,,,,616,,
145,Chris Boswell,PIT,K,9,,,CIN,Sun 01:00PM EST,,OPEN,362,25,7.42,5.21,11.54,,,,,,,,,,,,4007,,
146,Jason Sanders,NYJ,K,13,,,@DET,Sun 01:00PM EST,,FIXED,441,26,7.25,4.13,9.9,,,,,,,,,,,,5225,,
147,Andre Szmyt,CLE,K,11,,,CAR,Sun 01:00PM EST,,OPEN,452,27,7.23,3.85,10.61,,,,,,,,,,,,30236,,
148,Juwan Johnson,NO,TE,8,,DNP-LP-FP,LVR,Sun 04:25PM EST,,FIXED,78,13,7.2,2.6,13.6,9.0,7.3,60.3,0.3,0.3,4.0,5.3,53.0,70.7,11.1,10.0,27919,64808,884609
149,Isaiah Likely,NYG,TE,8,,,TEN,Sun 01:00PM EST,,OPEN,79,14,7.2,2.5,13.2,11.3,19.6,47.7,0.7,0.3,10.0,6.7,69.0,55.7,25.0,18.8,28741,87260,1125111
150,Dontayvion Wicks,PHI,WR,10,,,@CHI,Mon 08:15PM EST,,OPEN,105,40,7.2,2.5,14.8,12.1,4.4,73.5,0.5,0.0,6.0,5.0,62.0,76.5,12.8,10.4,29320,,1172428
151,Drew Stevens,WAS,K,7,,FP-FP-FP,SEA,Sun 01:00PM EST,,OPEN,483,28,7.16,4.38,11.48,,,,,,,,,,,,31582,,
152,Joey Slye,TEN,K,9,,,@NYG,Sun 01:00PM EST,,OPEN,515,29,7.11,3.71,11.97,,,,,,,,,,,,27203,,
153,Kyle Pitts,ATL,TE,11,,,@GB,Thu 08:15PM EST,,OPEN,82,15,7.1,2.4,13.9,3.6,8.8,24.3,0.0,0.0,3.0,4.3,38.0,64.3,11.5,9.9,28009,86080,1123026
154,Courtland Sutton,DEN,WR,10,,,LA,Sun 08:20PM EST,,OPEN,111,41,7.1,2.1,14.5,2.4,3.0,13.7,0.0,0.0,4.0,3.7,73.0,75.7,8.9,8.7,5037,57403,838878
155,DJ Moore,BUF,WR,7,Q,,LAC,Sun 01:00PM EST,,OPEN,112,42,7.1,1.7,14.9,6.7,18.5,36.7,0.3,0.0,1.0,4.0,31.0,64.0,4.3,9.6,5022,63043,877790
156,Xavier Worthy,KC,WR,5,,,@MIA,Sun 01:00PM EST,,OPEN,113,43,7.1,1.7,14.7,7.2,7.7,21.5,0.5,0.0,7.0,6.5,86.0,81.5,10.1,10.7,30006,,1326638
157,Emeka Egbuka,TB,WR,10,,,MIN,Sun 04:05PM EST,,OPEN,114,44,7.1,2.4,14.1,6.4,7.8,28.0,0.3,0.0,6.0,5.0,86.0,76.7,10.7,10.2,30315,,1287825
158,Cameron Dicker,LAC,K,7,,,@BUF,Sun 01:00PM EST,,OPEN,522,30,7.1,4.01,10.67,,,,,,,,,,,,29026,,
159,Buffalo Bills D/ST,BUF,DST,7,,,LAC,Sun 01:00PM EST,,OPEN,207,14,7.07,3.14,7.68,,,,,,,,,,,,dst-BUF,,
160,Chad Ryland,ARI,K,14,,,@SF,Sun 04:05PM EST,,OPEN,535,31,7.06,3.96,11.13,,,,,,,,,,,,29273,,
161,Cleveland Browns D/ST,CLE,DST,11,,,CAR,Sun 01:00PM EST,,OPEN,210,15,6.98,2.12,14.0,,,,,,,,,,,,dst-CLE,,
162,Los Angeles Rams D/ST,LA,DST,11,,,@DEN,Sun 08:20PM EST,,OPEN,215,16,6.92,2.48,10.16,,,,,,,,,,,,dst-LA,,
163,Justin Fields,KC,QB,5,,,@MIA,Sun 01:00PM EST,,OPEN,203,30,6.9,1.7,29.5,,,,,,,,,1.0,,,28016,91591,1110681
164,Riley Patterson,MIA,K,6,,,KC,Sun 01:00PM EST,,OPEN,583,32,6.89,4.43,10.64,,,,,,,,,,,,28526,,
165,Tennessee Titans D/ST,TEN,DST,9,,,@NYG,Sun 01:00PM EST,,OPEN,218,17,6.82,3.05,10.82,,,,,,,,,,,,dst-TEN,,
166,Mark Andrews,BAL,TE,13,,,@DAL,Sun 04:25PM EST,,,94,16,6.8,2.4,12.3,5.7,5.5,37.3,0.0,0.0,7.0,5.3,71.0,67.3,17.1,13.1,5083,52436,820699
167,J.K. Dobbins,DEN,RB,10,,LP-FP-FP,LA,Sun 08:20PM EST,,OPEN,128,28,6.8,1.7,13.7,3.6,0.0,36.0,0.0,0.0,10.0,9.0,34.0,38.5,47.6,42.0,27498,87787,976513
168,Las Vegas Raiders D/ST,LVR,DST,13,,,@NO,Sun 04:25PM EST,,FIXED,220,18,6.75,3.19,11.05,,,,,,,,,,,,dst-LVR,,
169,Tampa Bay Buccaneers D/ST,TB,DST,10,,,MIN,Sun 04:05PM EST,,OPEN,221,19,6.74,2.41,8.97,,,,,,,,,,,,dst-TB,,
170,Brenton Strange,JAX,TE,7,,,NE,Sun 01:00PM EST,,OPEN,96,17,6.7,1.8,13.1,8.7,11.5,30.7,0.7,0.0,2.0,3.7,83.0,71.0,4.1,9.2,29222,,1164940
171,Xavier Hutchinson,HOU,WR,8,,,@IND,Sun 01:00PM EST,,RETRACTABLE,122,45,6.7,1.9,14.2,6.9,6.2,51.0,0.0,0.0,9.0,8.0,81.0,72.0,13.8,14.7,29366,,1213636
172,Isaiah Williams,NYJ,WR,13,,,@DET,Sun 01:00PM EST,,FIXED,123,46,6.7,1.8,14.6,4.6,6.6,26.3,0.0,0.0,7.0,5.0,82.0,64.7,11.5,14.0,29858,,1176432
173,Rome Odunze,CHI,WR,10,,,PHI,Mon 08:15PM EST,,OPEN,124,47,6.7,2.1,13.5,6.0,0.4,47.5,0.0,0.0,4.0,3.5,84.0,66.0,6.5,7.4,29995,,1213727
174,Indianapolis Colts D/ST,IND,DST,13,,,HOU,Sun 01:00PM EST,,RETRACTABLE,224,20,6.7,3.26,11.3,,,,,,,,,,,,dst-IND,,
175,Mack Hollins,NE,WR,11,,,@JAX,Sun 01:00PM EST,,OPEN,125,48,6.6,2.0,13.3,4.9,4.3,34.5,0.0,0.0,2.0,3.5,71.0,70.5,5.1,7.5,4641,25267,702808
176,Pittsburgh Steelers D/ST,PIT,DST,9,,,CIN,Sun 01:00PM EST,,OPEN,239,21,6.55,1.8,9.39,,,,,,,,,,,,dst-PIT,,
177,T.J. Hockenson,MIN,TE,6,,,@TB,Sun 04:05PM EST,,OPEN,104,18,6.5,1.9,12.6,8.0,7.2,32.5,0.5,0.0,4.0,4.5,69.0,67.5,11.1,11.3,26931,71706,923915
178,Kalif Raymond,CHI,WR,10,,,PHI,Mon 08:15PM EST,,OPEN,126,49,6.5,1.7,13.8,8.5,5.9,58.7,0.0,0.0,5.0,5.7,62.0,47.0,10.9,17.4,4481,70422,692660
179,Jadarian Price,SEA,RB,11,,LP-LP-FP,@WAS,Sun 01:00PM EST,,OPEN,140,29,6.5,1.2,13.4,5.7,2.3,59.0,0.0,0.5,15.0,13.5,34.0,41.0,62.5,56.2,31888,,
180,Ladd McConkey,LAC,WR,7,,FP-FP-FP,@BUF,Sun 01:00PM EST,,OPEN,127,50,6.4,2.1,12.8,10.8,11.7,58.5,0.5,0.0,3.0,5.0,46.0,47.5,9.7,17.8,30009,,1218643
181,Pat Freiermuth,PIT,TE,9,,,CIN,Sun 01:00PM EST,,OPEN,109,19,6.3,1.9,12.0,8.4,7.7,43.7,0.3,0.0,6.0,5.3,66.0,69.3,13.0,10.9,28060,86244,1116662
182,Jalen McMillan,TB,WR,10,Q,FP-FP-FP,MIN,Sun 04:05PM EST,,OPEN,129,51,6.3,1.6,12.8,1.6,,11.0,0.0,0.0,,1.0,11.0,33.0,,2.7,30036,,1213726
183,Jakobi Meyers,JAX,WR,7,,LP-LP-FP,NE,Sun 01:00PM EST,,OPEN,130,52,6.3,2.1,12.4,7.1,7.9,38.0,0.3,0.0,1.0,3.3,90.0,78.0,1.9,7.5,27189,63634,880151
184,Denzel Boston,CLE,WR,11,,,CAR,Sun 01:00PM EST,,OPEN,131,53,6.3,1.2,12.7,15.4,5.1,77.0,1.0,0.0,7.0,5.5,93.0,92.5,13.0,10.8,31438,,
185,KC Concepcion,CLE,WR,11,,,CAR,Sun 01:00PM EST,,OPEN,132,54,6.3,0.7,13.4,5.8,0.0,40.0,0.0,0.5,7.0,7.5,66.0,67.5,18.4,20.6,31922,,
186,Malik Washington,MIA,WR,6,,,KC,Sun 01:00PM EST,,OPEN,135,55,6.2,2.0,12.3,7.3,5.5,42.7,0.3,0.3,6.0,6.7,73.0,80.3,14.0,14.6,30054,,1173255
187,Keenan Allen,IND,WR,13,,LP-FP-FP,HOU,Sun 01:00PM EST,,RETRACTABLE,137,56,6.1,2.0,13.3,4.8,6.1,24.3,0.0,0.0,5.0,8.0,51.0,57.3,15.2,22.0,3149,29253,557210
188,Brian Thomas Jr.,JAX,WR,7,,LP-LP-LP,NE,Sun 01:00PM EST,,OPEN,138,57,6.1,2.0,12.3,5.8,0.9,43.0,0.0,0.3,8.0,5.3,54.0,48.7,25.0,18.1,30002,,1286064
189,Hunter Henry,NE,TE,11,,,@JAX,Sun 01:00PM EST,,OPEN,119,20,6.0,2.0,11.2,5.9,4.0,40.7,0.0,0.0,5.0,4.3,91.0,75.0,10.0,10.1,4194,40845,744425
190,Jordan Addison,MIN,WR,6,,,@TB,Sun 04:05PM EST,,OPEN,142,58,6.0,1.9,12.8,1.5,3.1,9.7,0.0,0.0,5.0,3.3,88.0,88.0,10.9,6.5,29184,,1214250
191,Chicago Bears D/ST,CHI,DST,10,,,PHI,Mon 08:15PM EST,,OPEN,337,22,5.99,1.36,9.96,,,,,,,,,,,,dst-CHI,,
192,AJ Barner,SEA,TE,11,,,@WAS,Sun 01:00PM EST,,OPEN,121,21,5.9,1.7,11.8,4.0,5.1,12.0,0.3,0.0,2.0,2.3,80.0,76.3,3.6,5.1,29903,,1229503
193,Michael Pittman,PIT,WR,9,Q,LP-LP-LP,CIN,Sun 01:00PM EST,,OPEN,144,59,5.9,1.9,12.6,4.7,5.2,34.5,0.0,0.0,,3.5,,88.5,,6.0,27477,,
194,Kayshon Boutte,HOU,WR,8,,,@IND,Sun 01:00PM EST,,RETRACTABLE,145,60,5.9,1.7,12.4,3.7,2.6,27.3,0.0,0.0,5.0,3.7,72.0,58.7,8.6,8.7,29348,,1213362
195,Denver Broncos D/ST,DEN,DST,10,,,LA,Sun 08:20PM EST,,OPEN,363,23,5.87,2.19,8.7,,,,,,,,,,,,dst-DEN,,
196,New England Patriots D/ST,NE,DST,11,,,@JAX,Sun 01:00PM EST,,OPEN,391,24,5.78,1.38,7.03,,,,,,,,,,,,dst-NE,,
197,Washington Commanders D/ST,WAS,DST,7,,,SEA,Sun 01:00PM EST,,OPEN,405,25,5.71,1.24,8.61,,,,,,,,,,,,dst-WAS,,
198,Keon Coleman,BUF,WR,7,Q,DNP-DNP-LP,LAC,Sun 01:00PM EST,,OPEN,151,61,5.7,1.4,12.1,5.3,8.7,37.7,0.0,0.0,6.0,3.7,74.0,68.3,10.9,7.0,30008,,1322431
199,Carnell Tate,TEN,WR,9,,,@NYG,Sun 01:00PM EST,,OPEN,152,62,5.7,0.9,12.0,5.0,1.6,32.5,0.0,0.0,5.0,5.5,75.0,81.5,12.5,13.1,31819,,
200,Baltimore Ravens D/ST,BAL,DST,13,,,@DAL,Sun 04:25PM EST,,,424,26,5.64,1.25,9.17,,,,,,,,,,,,dst-BAL,,
201,Jerry Jeudy,CLE,WR,11,,FP-FP-FP,CAR,Sun 01:00PM EST,,OPEN,156,63,5.4,1.3,11.1,2.3,3.6,16.0,0.0,0.0,1.0,4.0,59.0,70.0,2.9,10.2,27458,90561,973935
202,Roman Wilson,PIT,WR,9,,,CIN,Sun 01:00PM EST,,OPEN,157,64,5.4,1.4,11.0,4.7,1.2,27.0,0.0,0.0,6.0,6.0,79.0,67.0,10.9,13.6,29981,,1229669
203,Tre Harris,LAC,WR,7,,,@BUF,Sun 01:00PM EST,,OPEN,158,65,5.4,1.6,10.7,4.4,2.3,33.7,0.0,0.0,3.0,5.0,82.0,84.7,5.4,9.6,30351,,1214633
204,Atlanta Falcons D/ST,ATL,DST,11,,,@GB,Thu 08:15PM EST,,OPEN,482,27,5.39,1.75,7.68,,,,,,,,,,,,dst-ATL,,
205,Mike Gesicki,CIN,TE,6,,,@PIT,Sun 01:00PM EST,,OPEN,134,22,5.3,1.6,9.6,9.3,14.0,45.5,0.5,0.0,,4.5,35.0,35.3,,20.5,5039,56265,836152
206,Isaac TeSlaa,DET,WR,6,,,NYJ,Sun 01:00PM EST,,FIXED,161,66,5.3,1.4,12.4,2.0,3.6,14.7,0.0,0.0,5.0,2.3,75.0,67.7,10.2,4.8,30366,,1441362
207,Greg Dulcich,MIA,TE,6,,,KC,Sun 01:00PM EST,,OPEN,136,23,5.2,1.5,10.2,3.4,1.9,22.0,0.0,0.0,3.0,3.0,61.0,63.3,8.3,8.9,28683,91931,1128085
208,Cooper Kupp,SEA,WR,11,,LP-FP-LP,@WAS,Sun 01:00PM EST,,OPEN,162,67,5.2,1.7,10.6,3.8,1.5,28.0,0.0,0.0,2.0,2.7,43.0,66.0,6.7,6.7,4647,79970,698227
209,Calvin Ridley,TEN,WR,9,,,@NYG,Sun 01:00PM EST,,OPEN,163,68,5.2,1.1,12.3,4.5,,35.0,0.0,0.0,2.0,2.0,62.0,63.0,6.1,6.1,5024,64555,884013
210,Emmett Johnson,KC,RB,5,,,@MIA,Sun 01:00PM EST,,OPEN,168,30,5.2,0.1,11.9,6.2,3.3,51.5,0.0,0.0,4.0,7.0,18.0,27.0,28.6,34.3,31419,,
211,Kaelon Black,SF,RB,8,Q,X-LP-LP,ARI,Sun 04:05PM EST,,OPEN,169,31,5.2,0.3,11.9,5.0,5.0,47.5,0.0,0.0,7.0,11.0,33.0,38.0,41.2,47.4,31453,,
212,Jake Ferguson,DAL,TE,14,,,BAL,Sun 04:25PM EST,,,143,24,5.0,1.3,10.2,7.0,17.3,18.0,0.7,0.0,4.0,2.7,60.0,65.3,12.1,7.6,28731,89680,1065361
213,Marvin Harrison Jr.,ARI,WR,14,,,@SF,Sun 04:05PM EST,,OPEN,167,69,5.0,1.6,10.4,1.9,3.8,16.5,0.0,0.0,1.0,2.0,74.0,76.5,2.7,3.9,29992,,
214,New York Jets D/ST,NYJ,DST,13,,,@DET,Sun 01:00PM EST,,FIXED,580,28,4.99,1.81,8.9,,,,,,,,,,,,dst-NYJ,,
215,Evan Engram,DEN,TE,10,,,LA,Sun 08:20PM EST,,OPEN,149,25,4.8,1.2,9.5,6.8,10.1,35.0,0.3,0.0,1.0,3.3,52.0,51.3,3.1,12.0,4679,41872,749185
216,Kenyon Sadiq,NYJ,TE,13,,,@DET,Sun 01:00PM EST,,FIXED,150,26,4.8,1.0,9.4,6.3,7.2,20.5,0.5,0.0,3.0,3.5,36.0,39.0,11.1,12.7,31433,,
217,Tyquan Thornton,KC,WR,5,,,@MIA,Sun 01:00PM EST,,OPEN,174,70,4.8,0.7,11.1,5.3,10.6,43.0,0.0,0.0,4.0,2.5,59.0,63.5,8.5,5.3,28654,89220,1110301
218,Dallas Cowboys D/ST,DAL,DST,14,,,BAL,Sun 04:25PM EST,,,584,29,4.78,2.03,6.65,,,,,,,,,,,,dst-DAL,,
219,Colby Parkinson,LA,TE,11,Q,DNP-DNP-DNP,@DEN,Sun 08:20PM EST,,OPEN,154,27,4.6,1.2,8.9,7.1,16.5,19.0,0.7,0.0,2.0,3.7,71.0,77.3,4.5,6.6,27576,89588,1060312
220,Rashid Shaheed,SEA,WR,11,,,@WAS,Sun 01:00PM EST,,OPEN,177,71,4.6,0.7,11.0,2.3,4.7,15.0,0.0,0.0,7.0,3.7,56.0,56.7,17.9,10.0,29028,170287,923412
221,Miami Dolphins D/ST,MIA,DST,6,,,KC,Sun 01:00PM EST,,OPEN,585,30,4.44,2.81,6.6,,,,,,,,,,,,dst-MIA,,
222,Los Angeles Chargers D/ST,LAC,DST,7,,,@BUF,Sun 01:00PM EST,,OPEN,586,31,4.41,0.73,8.57,,,,,,,,,,,,dst-LAC,,
223,Kendrick Bourne,ARI,WR,14,,,@SF,Sun 04:05PM EST,,OPEN,183,72,4.4,1.0,10.8,4.5,11.5,28.7,0.0,0.0,3.0,4.0,60.0,59.7,10.0,10.2,4832,80289,754412
224,Gunnar Helm,TEN,TE,9,,,@NYG,Sun 01:00PM EST,,OPEN,160,28,4.3,1.0,8.5,3.5,2.5,20.5,0.0,0.0,2.0,3.5,87.0,81.5,4.3,8.8,30415,,1286438
225,DeMario Douglas,NE,WR,11,,,@JAX,Sun 01:00PM EST,,OPEN,185,73,4.3,1.1,9.5,3.3,3.1,19.3,0.0,0.0,2.0,4.0,47.0,44.7,7.7,14.5,29371,,1175693
226,Antonio Williams,WAS,WR,7,,,SEA,Sun 01:00PM EST,,OPEN,186,74,4.3,0.5,9.3,9.2,10.5,44.0,0.5,0.0,4.0,4.0,49.0,43.0,11.4,13.4,31441,,
227,Arizona Cardinals D/ST,ARI,DST,14,,,@SF,Sun 04:05PM EST,,OPEN,587,32,4.23,0.19,6.05,,,,,,,,,,,,dst-ARI,,
228,Darnell Mooney,NYG,WR,8,,,TEN,Sun 01:00PM EST,,OPEN,187,75,4.2,1.3,9.1,4.3,2.3,31.7,0.0,0.0,3.0,4.0,72.0,70.7,7.1,8.6,27615,69777,912027
229,Jalen Nailor,LVR,WR,13,,,@NO,Sun 04:25PM EST,,FIXED,188,76,4.2,1.2,8.4,4.0,5.0,28.3,0.0,0.0,3.0,3.7,60.0,65.0,7.9,8.7,28792,92859,1126817
230,Jaydon Blue,PHI,RB,10,,,@CHI,Mon 08:15PM EST,,OPEN,193,32,4.2,0.9,8.6,12.4,,64.0,1.0,0.0,,16.0,,60.0,,48.5,30444,,1378898
231,RJ Harvey,DEN,RB,10,,LP-FP-FP,LA,Sun 08:20PM EST,,OPEN,194,33,4.2,0.5,10.1,4.9,2.3,37.0,0.0,0.0,,13.0,,53.5,,42.2,30356,,1172401
232,Kyle Monangai,CHI,RB,10,,DNP-FP-FP,PHI,Mon 08:15PM EST,,OPEN,195,34,4.2,0.4,8.8,9.9,16.0,70.3,0.3,0.0,12.0,10.3,34.0,39.7,48.0,38.6,30527,,1250886
233,Jahan Dotson,ATL,WR,11,,,@GB,Thu 08:15PM EST,,OPEN,191,77,4.1,1.0,9.1,3.3,3.4,23.3,0.0,0.0,4.0,5.0,75.0,77.3,7.7,9.6,28620,86229,1121878
234,Germie Bernard,PIT,WR,9,,,CIN,Sun 01:00PM EST,,OPEN,192,78,4.1,0.6,9.0,5.5,,35.0,0.0,0.0,8.0,8.0,79.0,41.5,14.5,14.5,31868,,
235,Makai Lemon,PHI,WR,10,,,@CHI,Mon 08:15PM EST,,OPEN,197,79,4.0,0.3,8.7,1.7,0.4,2.0,0.0,0.0,2.0,3.0,63.0,63.5,4.2,7.8,31279,,
236,Kyle Juszczyk,SF,RB,8,,LP-LP-FP,ARI,Sun 04:05PM EST,,OPEN,200,35,4.0,0.0,9.8,5.3,8.7,16.0,0.5,0.0,2.0,2.0,44.0,46.7,8.7,9.6,2986,39428,501150
237,Kaleb Johnson,GB,RB,11,,,ATL,Thu 08:15PM EST,,OPEN,201,36,4.0,0.5,9.0,1.6,3.2,16.0,0.0,0.5,8.0,4.0,27.0,13.5,50.0,50.0,30379,,
238,Jack Bech,LVR,WR,13,D,,@NO,Sun 04:25PM EST,,FIXED,202,80,3.9,0.9,9.2,4.4,9.8,16.0,0.3,0.3,2.0,2.7,54.0,50.7,5.9,8.8,30354,,1286046
239,Woody Marks,HOU,RB,8,,,@IND,Sun 01:00PM EST,,RETRACTABLE,205,37,3.9,0.3,8.6,5.5,1.3,41.0,0.0,0.0,14.0,12.3,48.0,48.3,36.8,34.6,30411,,1231652
240,Zach Ertz,PHI,TE,10,,,@CHI,Mon 08:15PM EST,,OPEN,172,29,3.8,1.4,7.0,,,,,,,,,,,,3112,29780,503177
241,TreVeyon Henderson,NE,RB,11,,FP-FP-FP,@JAX,Sun 01:00PM EST,,OPEN,206,38,3.8,0.8,7.7,15.4,3.7,64.5,1.5,0.0,16.0,14.5,60.0,50.5,48.5,51.4,30334,,1287837
242,Tyler Huntley,BAL,QB,13,,,@DAL,Sun 04:25PM EST,,,296,31,3.8,0.8,24.5,,,,,,,,,,,,27951,70051,913163
243,Marvin Mims Jr.,DEN,WR,10,O,LP-LP-LP,LA,Sun 08:20PM EST,,OPEN,211,81,3.5,0.7,8.2,1.0,2.0,5.0,0.0,0.0,,1.5,,25.0,,7.9,29224,,1213799
244,Devin Neal,NO,RB,8,,,LVR,Sun 04:25PM EST,,FIXED,212,39,3.5,0.1,7.6,,,,,,,,,,,,30478,,1293066
245,Ty Johnson,BUF,RB,7,,FP-FP-FP,LAC,Sun 01:00PM EST,,OPEN,213,40,3.5,0.2,7.4,18.6,,56.0,2.0,0.0,,15.0,,33.0,,60.0,27172,63050,877784
246,Rachaad White,WAS,RB,7,,,SEA,Sun 01:00PM EST,,OPEN,214,41,3.5,0.1,7.5,6.7,7.6,50.3,0.0,0.0,13.0,10.3,52.0,42.0,35.1,35.7,28694,137902,1229343
247,Elic Ayomanor,TEN,WR,9,,,@NYG,Sun 01:00PM EST,,OPEN,216,82,3.4,0.9,7.7,7.3,1.4,43.3,0.3,0.0,3.0,5.3,53.0,66.3,10.7,13.9,30431,,1395319
248,Tyjae Spears,TEN,RB,9,Q,DNP-DNP-LP,@NYG,Sun 01:00PM EST,,OPEN,217,42,3.3,0.1,7.1,5.9,4.6,40.3,0.0,0.3,9.0,8.7,36.0,44.0,47.4,38.5,29242,,1169430
249,Tommy Tremble,CAR,TE,5,,,@CLE,Sun 01:00PM EST,,OPEN,189,30,3.1,0.7,6.3,5.4,10.4,22.3,0.3,0.3,2.0,3.7,56.0,67.3,5.4,9.1,28088,91101,1130555
250,Michael Mayer,LVR,TE,13,,,@NO,Sun 04:25PM EST,,FIXED,190,31,3.1,1.0,5.9,5.4,2.4,34.0,0.0,0.0,4.0,5.3,84.0,86.7,7.5,9.6,29196,,1232592
251,Emanuel Wilson,SEA,RB,11,,,@WAS,Sun 01:00PM EST,,OPEN,227,43,3.0,0.7,6.5,4.9,8.9,47.7,0.0,0.0,22.0,14.3,41.0,34.0,75.9,70.2,29615,,1447759
252,Tory Horton,SEA,WR,11,,FP-FP-FP,@WAS,Sun 01:00PM EST,,OPEN,228,83,3.0,1.0,6.2,,,,,,,,31.0,31.0,,,30461,,1223393
253,Easton Stick,TB,QB,10,,,MIN,Sun 04:05PM EST,,OPEN,358,32,3.0,0.0,26.7,,,,,,,,,,,,27150,103824,831007
254,Sam Ehlinger,DEN,QB,10,O,,LA,Sun 08:20PM EST,,OPEN,359,33,3.0,0.1,24.8,,,,,,,,,,,,28223,92560,975829
255,Khalil Herbert,ATL,RB,11,,,@GB,Thu 08:15PM EST,,OPEN,229,44,2.9,0.6,6.3,5.1,,46.0,0.0,0.0,,14.0,,67.0,,43.8,28222,72412,935104
256,Tyler Allgeier,ARI,RB,14,,,@SF,Sun 04:05PM EST,,OPEN,230,45,2.9,0.2,6.5,4.4,5.6,36.0,0.0,0.0,7.0,11.7,64.0,53.3,21.9,34.7,28753,90428,1131198
257,Malachi Fields,NYG,WR,8,,,TEN,Sun 01:00PM EST,,OPEN,235,84,2.9,0.2,6.2,3.8,0.5,27.5,0.0,0.0,6.0,5.0,81.0,76.5,12.8,10.4,31443,,
258,Alvin Kamara,NO,RB,8,,FP-FP-FP,LVR,Sun 04:25PM EST,,FIXED,236,46,2.8,0.1,6.6,4.7,,22.0,0.0,0.0,15.0,15.0,29.0,29.0,75.0,75.0,4681,42104,750846
259,Kenny Gainwell,TB,RB,10,,,MIN,Sun 04:05PM EST,,OPEN,237,47,2.8,0.2,7.1,7.6,15.1,35.7,0.3,0.0,6.0,8.7,35.0,49.3,26.1,25.7,28155,90912,1130705
260,Anthony Richardson,IND,QB,13,,DNP-FP-FP,HOU,Sun 01:00PM EST,,RETRACTABLE,378,34,2.8,0.0,21.4,,,,,,,,,,,,29165,,1215022
261,Brian Robinson,ATL,RB,11,,LP-FP-FP,@GB,Thu 08:15PM EST,,OPEN,241,48,2.7,0.1,6.3,3.9,6.8,35.7,0.0,0.0,13.0,8.0,48.0,29.0,39.4,44.2,28701,90562,973966
262,Darren Waller,CAR,TE,5,,DNP-FP-FP,@CLE,Sun 01:00PM EST,,OPEN,208,32,2.6,0.9,5.1,10.3,13.0,30.5,1.0,0.0,3.0,2.5,44.0,39.5,10.3,9.3,3925,25011,600191
263,Samaje Perine,CIN,RB,6,,X-DNP-DNP,@PIT,Sun 01:00PM EST,,OPEN,245,49,2.6,0.0,6.2,5.3,4.0,41.3,0.0,0.0,3.0,7.7,40.0,39.0,12.5,31.1,4742,52451,820734
264,Tank Bigsby,PHI,RB,10,,DNP-LP-FP,@CHI,Mon 08:15PM EST,,OPEN,246,50,2.6,0.1,6.1,9.4,16.8,49.0,0.7,0.0,15.0,11.0,34.0,34.7,57.7,39.7,29249,,1215035
265,Blake Corum,LA,RB,11,,,@DEN,Sun 08:20PM EST,,OPEN,247,51,2.6,0.3,5.6,7.5,4.3,71.7,0.0,0.3,13.0,12.3,45.0,33.7,46.4,57.9,29842,,1229540
266,Mike Washington Jr.,LVR,RB,13,,,@NO,Sun 04:25PM EST,,FIXED,248,52,2.6,0.1,6.0,2.4,3.4,24.0,0.0,0.0,4.0,5.5,19.0,19.0,33.3,43.5,31290,,
267,Devontez Walker,BAL,WR,13,,FP-FP-FP,@DAL,Sun 04:25PM EST,,,254,85,2.6,0.6,6.2,8.4,6.4,46.5,0.5,0.0,2.0,2.0,29.0,51.0,11.8,8.6,29809,,1277914
268,Chris Rodriguez Jr.,JAX,RB,7,,,NE,Sun 01:00PM EST,,OPEN,252,53,2.5,0.0,6.0,6.1,13.5,39.7,0.3,0.0,6.0,9.7,22.0,34.7,46.2,43.6,29354,,1113403
269,MarShawn Lloyd,GB,RB,11,,,ATL,Thu 08:15PM EST,,OPEN,253,54,2.5,0.1,5.8,5.7,3.9,31.5,0.5,0.5,8.0,11.0,27.0,35.5,50.0,48.4,29949,,1213414
270,Brandin Cooks,SF,WR,8,,,ARI,Sun 04:05PM EST,,OPEN,255,86,2.5,0.7,5.6,,,,,,,,,,,,3376,29501,607864
271,Brandon Johnson,PIT,WR,9,,,CIN,Sun 01:00PM EST,,OPEN,265,87,2.4,0.6,6.4,,,,,,,,,,,,29065,,
272,Marquez Valdes-Scantling,LAC,WR,7,,,@BUF,Sun 01:00PM EST,,OPEN,266,88,2.4,0.6,5.4,5.9,,34.0,0.0,0.0,,7.0,,84.0,,11.1,5171,40647,742382
273,Ted Hurst III,TB,WR,10,,,MIN,Sun 04:05PM EST,,OPEN,267,89,2.4,0.2,5.4,4.4,1.4,31.5,0.0,0.0,7.0,5.0,74.0,74.5,14.6,10.8,31449,,
274,Kaytron Allen,WAS,RB,7,,LP-FP-FP,SEA,Sun 01:00PM EST,,OPEN,260,55,2.3,0.0,5.7,2.0,0.8,20.0,0.0,0.0,5.0,4.5,8.0,9.0,83.3,70.2,31497,,
275,Sincere McCormick,SF,RB,8,,,ARI,Sun 04:05PM EST,,OPEN,268,56,2.2,0.2,5.0,,,,,,,,,,,,28967,104054,1166235
276,Salvon Ahmed,CHI,RB,10,,,PHI,Mon 08:15PM EST,,OPEN,269,57,2.2,0.0,5.3,,,,,,,,,,,,27900,86780,1049246
277,Braelon Allen,NYJ,RB,13,,,@DET,Sun 01:00PM EST,,FIXED,270,58,2.2,0.1,5.3,6.0,4.0,27.5,0.5,0.0,6.0,8.5,31.0,35.5,26.1,33.4,29888,,1325231
278,Bub Means,CLE,WR,11,,,CAR,Sun 01:00PM EST,,OPEN,289,90,2.2,0.2,4.6,,,,,,,,,,,,29788,,1172080
279,Theo Wease Jr.,LAC,WR,7,,,@BUF,Sun 01:00PM EST,,OPEN,290,91,2.2,0.2,4.6,5.9,,44.0,0.0,0.0,,5.0,,34.0,,26.3,30719,,
280,Olamide Zaccheaus,ATL,WR,11,,,@GB,Thu 08:15PM EST,,OPEN,291,92,2.2,0.5,5.2,0.9,0.2,4.0,0.0,0.0,3.0,2.0,43.0,28.0,10.0,7.8,27196,64496,883976
281,Bryce Lance,NO,WR,8,,,LVR,Sun 04:25PM EST,,FIXED,292,93,2.2,0.2,4.7,3.5,4.4,25.0,0.0,0.0,1.0,2.5,79.0,74.0,1.9,4.2,31468,,
282,Trey Lance,LAC,QB,7,Q,X-X-LP,@BUF,Sun 01:00PM EST,,OPEN,425,35,2.2,0.0,21.1,8.3,,205.0,0.0,2.0,,53.0,,100.0,,74.6,28008,149696,1130975
283,Dawson Knox,BUF,TE,7,,,LAC,Sun 01:00PM EST,,OPEN,219,33,2.1,0.4,4.3,6.0,8.2,12.0,0.7,0.0,2.0,1.7,76.0,49.3,3.6,18.7,26982,64585,884083
284,Carson Steele,PHI,RB,10,,,@CHI,Mon 08:15PM EST,,OPEN,278,59,2.1,0.0,5.1,,,,,,,,,,,,29970,,1319219
285,Kendre Miller,NO,RB,8,,X-DNP-FP,LVR,Sun 04:25PM EST,,FIXED,279,60,2.1,0.0,5.0,9.0,,30.0,1.0,0.0,,9.0,,29.0,,34.6,29232,,1213867
286,Will Shipley,PHI,RB,10,,DNP-LP-LP,@CHI,Mon 08:15PM EST,,OPEN,280,61,2.1,0.0,5.2,2.6,2.2,18.0,0.0,0.0,9.0,5.3,51.0,36.7,23.1,22.8,29748,,1287636
287,Pat Bryant,DEN,WR,10,,,LA,Sun 08:20PM EST,,OPEN,302,94,2.1,0.6,4.4,4.3,4.6,29.7,0.0,0.0,2.0,4.3,66.0,63.7,4.9,12.6,30370,,1305866
288,Shedeur Sanders,CLE,QB,11,,,CAR,Sun 01:00PM EST,,OPEN,431,36,2.1,0.3,20.9,5.0,,137.0,0.0,1.0,,25.0,,100.0,,48.1,30439,,1272321
289,Albert Okwuegbunam,LVR,TE,13,,,@NO,Sun 04:25PM EST,,FIXED,222,34,2.0,0.4,4.4,,,,,,,,,,,,27561,70859,920077
290,Oronde Gadsden II,LAC,TE,7,,,@BUF,Sun 01:00PM EST,,OPEN,223,35,2.0,0.5,3.9,5.4,5.5,24.3,0.3,0.0,2.0,2.0,44.0,36.0,6.7,10.9,30460,,
291,Pierre Strong,GB,RB,11,,,ATL,Thu 08:15PM EST,,OPEN,293,62,2.0,0.0,5.0,,,,,,,,,,,,28729,160306,1050335
292,Michael Burton,CLE,RB,11,,,CAR,Sun 01:00PM EST,,OPEN,294,63,2.0,0.0,5.1,,,,,,,,17.0,14.5,,,3918,26057,556483
293,Jawhar Jordan,HOU,RB,8,,,@IND,Sun 01:00PM EST,,RETRACTABLE,295,64,2.0,0.0,4.9,0.3,,3.0,0.0,0.0,,5.0,,15.0,,50.0,29900,,1164137
294,Jalen Reagor,MIA,WR,6,,,KC,Sun 01:00PM EST,,OPEN,315,95,2.0,0.4,4.3,,,,,,,,,,,,27464,94625,976066
295,Isaiah Hodgins,PIT,WR,9,,,CIN,Sun 01:00PM EST,,OPEN,316,96,2.0,0.6,4.6,0.0,,0.0,0.0,0.0,,2.0,,96.0,,2.8,27649,93055,975387
296,Laquon Treadwell,IND,WR,13,,FP-FP-FP,HOU,Sun 01:00PM EST,,RETRACTABLE,317,97,2.0,0.6,4.5,3.8,7.6,30.5,0.0,0.0,3.0,2.0,74.0,39.0,6.2,5.8,4382,41806,748554
297,Josh Palmer,BUF,WR,7,,,LAC,Sun 01:00PM EST,,OPEN,318,98,2.0,0.6,4.4,7.1,10.2,26.0,0.7,0.0,3.0,2.7,38.0,51.0,10.7,8.9,28082,,
298,Jaylin Noel,HOU,WR,8,,,@IND,Sun 01:00PM EST,,RETRACTABLE,319,99,2.0,0.3,4.8,4.3,4.5,36.7,0.0,0.0,6.0,3.0,60.0,35.3,12.5,10.0,30375,,1286370
299,Zachariah Branch,ATL,WR,11,,,@GB,Thu 08:15PM EST,,OPEN,320,100,2.0,0.1,4.3,1.2,2.4,7.0,0.0,0.0,2.0,1.0,20.0,25.0,14.3,7.2,31445,,
300,Terrance Ferguson,LA,TE,11,,LP-FP-FP,@DEN,Sun 08:20PM EST,,OPEN,226,36,1.9,0.6,3.7,7.2,14.4,27.0,0.5,0.0,9.0,5.0,58.0,54.5,25.0,14.1,30342,,1286179
301,Nicholas Singleton,TEN,RB,9,,,@NYG,Sun 01:00PM EST,,OPEN,301,65,1.9,0.1,5.1,1.0,,10.0,0.0,0.0,4.0,4.0,11.0,11.0,66.7,66.7,31298,,
302,Ronnie Bell,LVR,WR,13,,,@NO,Sun 04:25PM EST,,FIXED,335,101,1.9,0.5,4.3,9.3,,23.0,1.0,0.0,,4.0,,53.0,,11.1,29414,,1130213
303,Cedric Tillman,NO,WR,8,,,LVR,Sun 04:25PM EST,,FIXED,336,102,1.9,0.5,4.1,2.8,,23.0,0.0,0.0,,2.0,,77.0,,5.0,29235,,
304,Marlin Klein,HOU,TE,8,,,@IND,Sun 01:00PM EST,,RETRACTABLE,231,37,1.8,0.3,3.9,2.1,,16.0,0.0,0.0,,1.0,11.0,11.0,,11.1,31853,,
305,Nate Boerkircher,JAX,TE,7,,,NE,Sun 01:00PM EST,,OPEN,232,38,1.8,0.3,3.8,1.4,,9.0,0.0,0.0,,1.0,39.0,53.0,,2.6,31881,,
306,Oscar Delp,NO,TE,8,,LP-LP-FP,LVR,Sun 04:25PM EST,,FIXED,233,39,1.8,0.3,4.0,1.3,,8.0,0.0,0.0,1.0,1.0,13.0,13.0,11.1,11.1,31442,,
307,Sam Roush,CHI,TE,10,,,PHI,Mon 08:15PM EST,,OPEN,234,40,1.8,0.3,3.8,1.4,,9.0,0.0,0.0,3.0,3.0,27.0,21.5,15.0,15.0,31932,,
308,Brady Russell,SEA,RB,11,,LP-FP-FP,@WAS,Sun 01:00PM EST,,OPEN,311,66,1.8,0.1,4.4,3.0,,20.0,0.0,0.0,,2.0,44.0,28.0,,11.8,29633,,1064955
309,Justice Hill,BAL,RB,13,,,@DAL,Sun 04:25PM EST,,,312,67,1.8,0.0,4.5,3.0,0.5,23.0,0.0,0.0,4.0,5.5,47.0,46.5,14.8,18.7,26945,71521,923109
310,Tyrone Tracy Jr.,NYG,RB,8,,,TEN,Sun 01:00PM EST,,OPEN,313,68,1.8,0.0,4.6,8.0,23.9,57.7,0.3,0.7,0.0,9.7,2.0,24.7,0.0,50.6,29917,,1109708
311,CJ Donaldson,NO,RB,8,,,LVR,Sun 04:25PM EST,,FIXED,314,69,1.8,0.0,4.3,0.6,0.7,2.0,0.0,0.0,1.0,2.5,,,,,31713,,
312,Sterling Shepard,NYJ,WR,13,,,@DET,Sun 01:00PM EST,,FIXED,348,103,1.8,0.3,3.8,,,,,,,,,,,,4245,27477,691278
313,Van Jefferson,WAS,WR,7,,,SEA,Sun 01:00PM EST,,OPEN,349,104,1.8,0.5,4.1,,,,,,,,,,,,27500,64581,884080
314,Tanner McKee,PHI,QB,10,,,@CHI,Mon 08:15PM EST,,OPEN,453,37,1.8,0.0,23.7,11.9,,244.0,1.0,1.0,,42.0,,100.0,,65.6,29349,,1123521
315,Drake Dabney,GB,TE,11,,,ATL,Thu 08:15PM EST,,OPEN,238,41,1.7,0.3,3.7,0.8,,3.0,0.0,0.0,,2.0,,88.0,,4.4,30731,,
316,Phil Mafah,NYG,RB,8,,,TEN,Sun 01:00PM EST,,OPEN,321,70,1.7,0.2,3.8,9.9,,29.0,1.0,0.0,,7.0,,18.0,,70.0,30533,,1287641
317,Patrick Ricard,NYG,RB,8,,,TEN,Sun 01:00PM EST,,OPEN,322,71,1.7,0.0,4.6,0.7,1.3,4.0,0.0,0.0,,1.0,31.0,45.3,,3.2,4583,80299,658389
318,Keaton Mitchell,LAC,RB,7,,,@BUF,Sun 01:00PM EST,,OPEN,323,72,1.7,0.0,4.2,1.8,4.2,16.7,0.0,0.0,6.0,4.0,25.0,23.3,35.3,29.1,29460,,1222789
319,Chris Brooks,GB,RB,11,,,ATL,Thu 08:15PM EST,,OPEN,324,73,1.7,0.0,4.5,4.0,3.2,38.7,0.0,0.0,6.0,9.0,46.0,49.0,22.2,33.3,29600,,
320,George Holani,SEA,RB,11,,LP-FP-FP,@WAS,Sun 01:00PM EST,,OPEN,325,74,1.7,0.0,4.5,2.5,0.9,22.0,0.0,0.0,5.0,7.0,26.0,36.0,27.8,33.5,30166,,1180625
321,DJ Herman,MIA,RB,6,,,KC,Sun 01:00PM EST,,OPEN,326,75,1.7,0.1,4.1,2.3,,18.0,0.0,1.0,3.0,3.0,,,,,31817,,
322,Trey Palmer,NO,WR,8,,,LVR,Sun 04:25PM EST,,FIXED,360,105,1.7,0.4,3.9,,,,,,,,,,,,29352,,1161739
323,Jahdae Walker,CHI,WR,10,,,PHI,Mon 08:15PM EST,,OPEN,361,106,1.7,0.4,3.9,8.6,4.0,18.5,1.0,0.0,,2.0,9.0,30.0,,8.9,30601,,1465213
324,Tommy DeVito,NE,QB,11,,,@JAX,Sun 01:00PM EST,,OPEN,454,38,1.7,0.2,14.7,,,,,,,,,,,,29640,,1060671
325,Drew Lock,SEA,QB,11,,,@WAS,Sun 01:00PM EST,,OPEN,455,39,1.7,0.0,21.9,17.1,8.6,217.5,2.0,0.0,26.0,25.0,100.0,95.0,37.1,45.2,27139,64051,882345
326,Josh Oliver,MIN,TE,6,D,,@TB,Sun 04:05PM EST,,OPEN,242,42,1.6,0.4,3.2,3.3,1.0,25.0,0.0,0.0,1.0,2.3,60.0,57.0,3.2,6.4,27056,63907,881779
327,Cole Kmet,CHI,TE,10,,,PHI,Mon 08:15PM EST,,OPEN,243,43,1.6,0.3,3.3,4.4,10.5,17.0,0.3,0.0,1.0,2.3,69.0,71.7,2.0,5.0,27486,91047,1066765
328,Will Kacmarek,MIA,TE,6,,,KC,Sun 01:00PM EST,,OPEN,244,44,1.6,0.3,3.3,0.5,0.9,2.0,0.0,0.0,1.0,1.0,47.0,36.0,3.6,5.3,31899,,
329,Najee Harris,NYG,RB,8,,,TEN,Sun 01:00PM EST,,OPEN,338,76,1.6,0.0,4.0,0.6,,6.0,0.0,0.0,4.0,4.0,14.0,14.0,50.0,50.0,28029,90575,973964
330,Bam Knight,ARI,RB,14,,,@SF,Sun 04:05PM EST,,OPEN,339,77,1.6,0.0,3.9,2.4,,24.0,0.0,0.0,2.0,2.0,6.0,5.0,66.7,66.7,29041,103252,1163866
331,Connor Heyward,LVR,RB,13,,,@NO,Sun 04:25PM EST,,FIXED,340,78,1.6,0.0,4.5,2.4,6.9,2.3,0.3,0.0,1.0,2.0,30.0,30.7,5.3,14.9,28809,92882,1057457
332,Dyami Brown,WAS,WR,7,,,SEA,Sun 01:00PM EST,,OPEN,379,107,1.6,0.5,3.6,1.1,2.1,9.7,0.0,0.3,7.0,3.3,55.0,40.3,17.9,11.9,28087,93538,1107878
333,Chris Bell,MIA,WR,6,,LP-LP-FP,KC,Sun 01:00PM EST,,OPEN,380,108,1.6,0.2,3.5,1.5,3.0,12.5,0.0,0.0,1.0,1.5,41.0,46.5,4.2,5.6,31900,,
334,Jonnu Smith,GB,TE,11,,,ATL,Thu 08:15PM EST,,OPEN,250,45,1.5,0.4,3.1,3.5,5.1,27.0,0.0,0.0,,3.0,22.0,37.7,,9.2,4631,48116,743749
335,Matthew Hibner,BAL,TE,13,,,@DAL,Sun 04:25PM EST,,,251,46,1.5,0.2,3.0,1.8,,13.0,0.0,0.0,,1.0,33.0,33.5,,4.3,31291,,
336,Raheim Sanders,CLE,RB,11,,,CAR,Sun 01:00PM EST,,OPEN,350,79,1.5,0.0,3.6,3.2,2.5,23.3,0.0,0.0,3.0,4.3,19.0,27.0,27.3,30.8,30581,,1285895
337,Demond Claiborne,MIN,RB,6,,,@TB,Sun 04:05PM EST,,OPEN,351,80,1.5,0.1,3.7,0.7,,2.0,0.0,0.0,1.0,1.0,4.0,4.0,50.0,50.0,31505,,
338,Jared Wayne,HOU,WR,8,,,@IND,Sun 01:00PM EST,,RETRACTABLE,397,109,1.5,0.2,3.2,3.0,2.6,22.5,0.0,0.0,7.0,4.0,50.0,41.0,17.5,10.8,29488,,1176733
339,Josh Cameron,JAX,WR,7,,,NE,Sun 01:00PM EST,,OPEN,398,110,1.5,0.2,3.2,4.5,9.0,10.0,0.5,0.0,0.0,1.0,17.0,25.0,0.0,5.2,31501,,
340,Josh Johnson,CIN,QB,6,,,@PIT,Sun 01:00PM EST,,OPEN,479,40,1.5,0.0,19.4,15.7,,176.0,2.0,2.0,,31.0,,100.0,,44.9,1289,8023,273278
341,Joe Milton III,DAL,QB,14,,,BAL,Sun 04:25PM EST,,,480,41,1.5,0.0,16.9,5.2,,116.0,0.0,1.0,,17.0,,49.0,,63.0,29986,,1112338
342,Jarrett Stidham,DEN,QB,10,,,LA,Sun 08:20PM EST,,OPEN,481,42,1.5,0.2,16.8,,,,,,,,,,,,26961,60947,865868
343,Israel Abanikanda,DAL,RB,14,,,BAL,Sun 04:25PM EST,,,364,81,1.4,0.0,3.7,,,,,,,,,,,,29304,,1214249
344,Alec Ingold,LAC,RB,7,,,@BUF,Sun 01:00PM EST,,OPEN,365,82,1.4,0.0,3.8,0.3,0.8,1.0,0.0,0.0,0.0,0.7,41.0,44.7,0.0,2.2,27212,63717,880322
345,Hunter Luepke,DAL,RB,14,,,BAL,Sun 04:25PM EST,,,366,83,1.4,0.0,3.8,1.0,2.0,8.0,0.0,0.0,1.0,1.7,18.0,22.7,10.0,13.3,29425,,1130976
346,Luke McCaffrey,WAS,WR,7,,,SEA,Sun 01:00PM EST,,OPEN,406,111,1.4,0.2,3.8,,,,,,,,,,,,29838,,1164846
347,Jordan Whittington,LA,WR,11,,DNP-LP-FP,@DEN,Sun 08:20PM EST,,OPEN,407,112,1.4,0.2,3.2,0.7,1.3,4.0,0.0,0.0,,0.5,,20.5,,4.0,29850,,1163273
348,Kevin Coleman Jr.,MIA,WR,6,,,KC,Sun 01:00PM EST,,OPEN,408,113,1.4,0.2,3.1,0.0,,0.0,0.0,0.0,,2.0,46.0,37.5,,12.5,31904,,
349,Chris Moore,BAL,WR,13,,LP-LP-FP,@DAL,Sun 04:25PM EST,,,409,114,1.4,0.3,3.2,3.5,4.7,29.5,0.0,0.0,3.0,2.5,55.0,41.7,9.4,8.7,4162,33047,606551
350,Skyy Moore,GB,WR,11,,,ATL,Thu 08:15PM EST,,OPEN,410,115,1.4,0.2,3.2,0.5,1.6,2.0,0.0,0.0,3.0,1.3,36.0,18.0,14.3,13.1,28658,112062,1176730
351,Jacob Cowing,SF,WR,8,,,ARI,Sun 04:05PM EST,,OPEN,411,116,1.4,0.2,3.1,0.0,0.0,0.0,0.0,0.0,0.0,0.0,46.0,27.0,0.0,0.0,29870,,1181861
352,Troy Franklin,DEN,WR,10,,FP-FP-FP,LA,Sun 08:20PM EST,,OPEN,412,117,1.4,0.3,3.1,1.2,3.2,10.7,0.0,0.0,2.0,1.7,21.0,32.0,15.4,10.4,30038,,1286176
353,Darius Cooper,PHI,WR,10,,,@CHI,Mon 08:15PM EST,,OPEN,413,118,1.4,0.4,3.1,4.8,9.6,19.7,0.3,0.0,3.0,2.7,41.0,46.7,9.7,6.3,30624,,1223318
354,Marcus Mariota,WAS,QB,7,,,SEA,Sun 01:00PM EST,,OPEN,484,43,1.4,0.0,16.7,8.7,,114.0,1.0,0.0,17.0,17.0,45.0,45.0,53.1,53.1,3870,29358,607843
355,Darnell Washington,PIT,TE,9,,DNP-DNP-FP,CIN,Sun 01:00PM EST,,OPEN,256,47,1.3,0.3,2.5,2.0,1.6,12.5,0.0,0.0,2.0,2.0,53.0,58.5,5.4,5.1,29254,,1218658
356,Nate Adkins,DEN,TE,10,,,LA,Sun 08:20PM EST,,OPEN,257,48,1.3,0.2,3.0,5.7,11.3,19.0,0.5,0.0,4.0,2.0,37.0,33.7,17.4,8.7,29603,,1132517
357,Jaleel McLaughlin,CLE,RB,11,,,CAR,Sun 01:00PM EST,,OPEN,381,84,1.3,0.0,3.1,3.3,6.0,30.5,0.0,0.0,2.0,5.0,14.0,18.0,25.0,43.2,29604,,1271738
358,Jordan James,SF,RB,8,,,ARI,Sun 04:05PM EST,,OPEN,382,85,1.3,0.0,3.1,1.5,,15.0,0.0,0.0,4.0,4.0,15.0,7.5,50.0,50.0,30442,,1400657
359,Seth McGowan,IND,RB,13,,,HOU,Sun 01:00PM EST,,RETRACTABLE,383,86,1.3,0.0,3.1,0.2,0.5,0.0,0.0,0.0,2.0,1.5,6.0,8.5,50.0,33.4,31526,,
360,Ihmir Smith-Marsette,CAR,WR,5,,,@CLE,Sun 01:00PM EST,,OPEN,418,119,1.3,0.3,3.0,,,,,,,,,,,,28162,86113,1059221
361,John Metchie III,CAR,WR,5,,,@CLE,Sun 01:00PM EST,,OPEN,419,120,1.3,0.3,2.7,1.8,3.5,10.0,0.0,0.0,0.0,2.0,11.0,41.0,0.0,5.9,28648,102696,1160348
362,LaJohntay Wester,BAL,WR,13,,,@DAL,Sun 04:25PM EST,,,420,121,1.3,0.3,3.2,1.5,2.5,9.7,0.0,0.0,2.0,1.3,53.0,33.3,6.5,5.5,30497,,1231033
363,Tez Johnson,TB,WR,10,,,MIN,Sun 04:05PM EST,,OPEN,421,122,1.3,0.4,2.8,2.7,5.4,22.3,0.0,0.0,4.0,2.7,29.0,21.7,21.1,19.6,30529,,1214837
364,Dohnte Meyers,CIN,WR,6,,,@PIT,Sun 01:00PM EST,,OPEN,422,123,1.3,0.2,2.7,1.6,3.3,14.0,0.0,0.0,1.0,1.5,,,,,31266,,
365,Zavion Thomas,CHI,WR,10,,,PHI,Mon 08:15PM EST,,OPEN,423,124,1.3,0.2,2.8,0.0,,0.0,0.0,0.0,0.0,0.0,3.0,1.5,0.0,0.0,31452,,
366,Joe Flacco,CIN,QB,6,,,@PIT,Sun 01:00PM EST,,OPEN,497,44,1.3,0.0,15.1,0.2,,2.0,0.0,0.0,,1.0,,0.5,,100.0,166,6714,216342
367,Carson Wentz,MIN,QB,6,,,@TB,Sun 04:05PM EST,,OPEN,498,45,1.3,0.0,23.7,12.8,13.0,140.5,1.5,0.5,23.0,23.5,100.0,91.5,44.2,44.3,4221,70324,613866
368,Mo Alie-Cox,IND,TE,13,,,HOU,Sun 01:00PM EST,,RETRACTABLE,261,49,1.2,0.2,2.5,3.7,,22.0,0.0,0.0,,4.0,38.0,35.3,,14.8,26065,24533,712506
369,Austin Hooper,ATL,TE,11,,,@GB,Thu 08:15PM EST,,OPEN,262,50,1.2,0.2,2.6,2.0,2.0,12.5,0.0,0.0,4.0,2.5,43.0,35.7,13.3,8.8,4158,40126,739424
370,Noah Gray,KC,TE,5,,,@MIA,Sun 01:00PM EST,,OPEN,263,51,1.2,0.2,2.5,1.8,4.5,11.7,0.0,0.0,1.0,2.3,50.0,53.7,2.5,6.3,28167,93143,1056981
371,Ben Sinnott,WAS,TE,7,,,SEA,Sun 01:00PM EST,,OPEN,264,52,1.2,0.2,2.6,1.2,0.2,4.5,0.0,0.0,1.0,1.5,68.0,49.7,2.1,3.7,30021,,1228920
372,Jacardia Wright,SEA,RB,11,,,@WAS,Sun 01:00PM EST,,OPEN,392,87,1.2,0.1,3.0,,,,,,,,,,,,30675,,
373,Nate Carter,KC,RB,5,,,@MIA,Sun 01:00PM EST,,OPEN,393,88,1.2,0.0,2.9,,,,,,,,,3.0,,,30619,,
374,Ameer Abdullah,JAX,RB,7,,,NE,Sun 01:00PM EST,,OPEN,394,89,1.2,0.0,3.2,3.0,1.9,23.3,0.0,0.0,4.0,4.0,10.0,10.3,66.7,68.1,3850,27229,590796
375,Reggie Gilliam,NE,RB,11,,LP-LP-LP,@JAX,Sun 01:00PM EST,,OPEN,395,90,1.2,0.0,3.1,2.0,2.2,15.0,0.0,0.0,2.0,2.5,36.0,24.7,10.0,15.0,27845,70426,915066
376,Kimani Vidal,LAC,RB,7,,,@BUF,Sun 01:00PM EST,,OPEN,396,91,1.2,0.0,3.1,0.8,1.7,5.0,0.0,0.0,0.0,2.0,10.0,12.3,0.0,14.3,29799,,1214824
377,Mitchell Tinsley,HOU,WR,8,,,@IND,Sun 01:00PM EST,,RETRACTABLE,432,125,1.2,0.3,2.6,,,,,,,,,12.0,,,29456,,1215305
378,Treylon Burks,WAS,WR,7,,,SEA,Sun 01:00PM EST,,OPEN,433,126,1.2,0.3,2.7,1.1,2.2,6.0,0.0,0.0,1.0,2.5,30.0,49.0,4.8,6.7,28622,110259,1172024
379,Myles Price,MIN,WR,6,,,@TB,Sun 04:05PM EST,,OPEN,434,127,1.2,0.2,2.8,0.0,0.0,0.0,0.0,0.0,1.0,0.5,50.0,27.5,3.8,1.9,30614,,1228728
380,Deion Burks,IND,WR,13,,,HOU,Sun 01:00PM EST,,RETRACTABLE,435,128,1.2,0.1,2.7,1.4,,14.0,0.0,0.0,2.0,2.0,5.0,2.5,66.7,66.7,31533,,
381,Stone Smartt,NO,TE,8,,,LVR,Sun 04:25PM EST,,FIXED,273,53,1.1,0.2,2.4,,,,,,,,,62.0,,,28929,103966,1056865
382,Jelani Woods,NYJ,TE,13,,,@DET,Sun 01:00PM EST,,FIXED,274,54,1.1,0.2,2.2,,,,,,,,28.0,26.0,,,28676,87469,975503
383,Drew Sample,CIN,TE,6,,,@PIT,Sun 01:00PM EST,,OPEN,275,55,1.1,0.2,2.3,3.3,0.2,18.0,0.0,0.0,,3.0,60.0,66.0,,6.6,27013,56711,837824
384,Noah Fant,NO,TE,8,,,LVR,Sun 04:25PM EST,,FIXED,276,56,1.1,0.2,2.5,3.8,11.3,12.7,0.3,0.3,0.0,3.0,44.0,35.7,0.0,9.4,26822,71705,923911
385,Erick All,CIN,TE,6,,,@PIT,Sun 01:00PM EST,,OPEN,277,57,1.1,0.2,2.2,1.5,,5.0,0.0,0.0,3.0,3.0,42.0,36.5,12.0,12.0,29936,,
386,Riley Nowakowski,PIT,RB,9,,,CIN,Sun 01:00PM EST,,OPEN,402,92,1.1,0.1,2.8,0.0,,0.0,0.0,0.0,,0.0,3.0,7.5,,0.0,31780,,
387,Tyler Badie,DEN,RB,10,,,LA,Sun 08:20PM EST,,OPEN,403,93,1.1,0.0,2.9,3.8,0.1,27.5,0.0,0.0,4.0,4.0,26.0,20.5,25.0,34.7,28797,94887,1124338
388,Velus Jones Jr.,SEA,RB,11,,,@WAS,Sun 01:00PM EST,,OPEN,404,94,1.1,0.2,2.8,,,,,,,,,0.0,,,28674,70661,919304
389,Xavier Restrepo,TEN,WR,9,,,@NYG,Sun 01:00PM EST,,OPEN,442,129,1.1,0.1,2.4,,,,,,,,,,,,30552,,1214183
390,Lil'Jordan Humphrey,DEN,WR,10,O,,LA,Sun 08:20PM EST,,OPEN,443,130,1.1,0.2,2.7,0.0,,0.0,0.0,0.0,1.0,1.0,5.0,16.0,33.3,33.3,27297,71031,920758
391,Kevin Austin Jr.,NO,WR,8,,,LVR,Sun 04:25PM EST,,FIXED,444,131,1.1,0.2,2.8,3.5,4.5,22.0,0.0,0.0,1.0,5.0,7.0,36.7,20.0,16.8,29158,,1130526
392,KaVontae Turpin,DAL,WR,14,,,BAL,Sun 04:25PM EST,,,445,132,1.1,0.1,2.9,0.7,1.2,5.3,0.0,0.0,1.0,1.3,9.0,13.0,20.0,18.2,28933,60957,865958
393,Jake Haener,NYG,QB,8,,,TEN,Sun 01:00PM EST,,OPEN,516,46,1.1,0.0,11.4,,,,,,,,,,,,29288,,1049254
394,Tyrod Taylor,GB,QB,11,,,ATL,Thu 08:15PM EST,,OPEN,517,47,1.1,0.0,17.7,,,,,,,,,,,,2554,14377,399579
395,Davis Mills,HOU,QB,8,,,@IND,Sun 01:00PM EST,,RETRACTABLE,518,48,1.1,0.0,18.2,2.6,,48.0,0.0,0.0,,10.0,,35.0,,41.7,28072,89628,1060311
396,Quinn Ewers,JAX,QB,7,,,NE,Sun 01:00PM EST,,OPEN,519,49,1.1,0.0,22.6,8.4,,146.0,1.0,1.0,,24.0,,95.0,,45.3,30525,,1333868
397,Tyler Higbee,LA,TE,11,,X-X-DNP,@DEN,Sun 08:20PM EST,,OPEN,282,58,1.0,0.2,1.9,8.9,17.4,51.5,0.5,0.5,,4.0,26.0,36.7,,14.6,4278,47870,604176
398,Adam Trautman,DEN,TE,10,,,LA,Sun 08:20PM EST,,OPEN,283,59,1.0,0.2,2.2,2.0,,10.0,0.0,0.0,,3.0,65.0,53.3,,15.8,27548,130270,875444
399,John Bates,WAS,TE,7,,,SEA,Sun 01:00PM EST,,OPEN,284,60,1.0,0.2,2.2,5.3,6.0,13.0,0.5,0.0,,2.5,31.0,46.3,,6.9,28129,72705,944038
400,Johnny Mundt,PHI,TE,10,,,@CHI,Mon 08:15PM EST,,OPEN,285,61,1.0,0.2,2.1,2.0,0.3,12.0,0.0,0.0,3.0,2.0,64.0,43.7,6.1,5.7,21438,40371,740704
401,Ian Thomas,LVR,TE,13,,,@NO,Sun 04:25PM EST,,FIXED,286,62,1.0,0.2,2.2,1.6,,11.0,0.0,0.0,1.0,1.0,49.0,44.7,3.2,3.2,5098,72515,943093
402,Blake Whiteheart,CLE,TE,11,,,CAR,Sun 01:00PM EST,,OPEN,287,63,1.0,0.1,2.2,3.4,8.2,10.3,0.3,0.0,2.0,1.3,47.0,50.3,7.4,5.1,29503,,1109731
403,Elijah Higgins,ARI,TE,14,,,@SF,Sun 04:05PM EST,,OPEN,288,64,1.0,0.2,2.0,2.1,4.3,14.0,0.0,0.0,0.0,1.5,26.0,37.7,0.0,4.5,29358,,1161853
404,Amar Johnson,LAC,RB,7,,,@BUF,Sun 01:00PM EST,,OPEN,414,95,1.0,0.1,2.5,,,,,,,,,,,,30697,,
405,Sean Tucker,TB,RB,10,,FP-FP-FP,MIN,Sun 04:05PM EST,,OPEN,415,96,1.0,0.0,2.6,0.0,,-4.0,0.0,0.0,,4.0,0.0,3.5,,80.0,29475,,1228633
406,Ray Davis,BUF,RB,7,,,LAC,Sun 01:00PM EST,,OPEN,416,97,1.0,0.0,2.7,8.2,24.4,59.0,0.3,0.0,0.0,8.0,14.0,29.0,0.0,22.6,30047,,
407,Brashard Smith,KC,RB,5,,,@MIA,Sun 01:00PM EST,,OPEN,417,98,1.0,0.0,2.7,3.4,6.8,29.0,0.0,0.0,0.0,8.0,0.0,17.7,,47.1,30522,,1313668
408,K.J. Osborn,TEN,WR,9,,,@NYG,Sun 01:00PM EST,,OPEN,456,133,1.0,0.2,2.4,,,,,,,,,,,,27618,63855,881058
409,Jordan Watkins,SF,WR,8,,,ARI,Sun 04:05PM EST,,OPEN,457,134,1.0,0.1,2.2,,,,,,,,,,,,30433,,1222835
410,Jalen Tolbert,MIA,WR,6,,,KC,Sun 01:00PM EST,,OPEN,458,135,1.0,0.2,2.3,0.0,,0.0,0.0,0.0,,1.0,,38.0,,4.8,28691,88548,1066424
411,Konata Mumpfield,LA,WR,11,,,@DEN,Sun 08:20PM EST,,OPEN,459,136,1.0,0.2,2.3,0.6,1.7,4.0,0.0,0.0,2.0,1.3,69.0,47.7,4.7,4.6,30536,,1289332
412,Chimere Dike,TEN,WR,9,,,@NYG,Sun 01:00PM EST,,OPEN,460,137,1.0,0.1,2.1,1.8,4.2,11.3,0.0,0.0,0.0,1.7,4.0,28.0,0.0,11.8,30398,,1215102
413,Isaiah Bond,CLE,WR,11,,,CAR,Sun 01:00PM EST,,OPEN,461,138,1.0,0.2,2.2,1.9,0.7,13.5,0.0,0.0,1.0,2.0,7.0,25.0,25.0,17.9,30590,,1398503
414,Kaden Wetjen,PIT,WR,9,,,CIN,Sun 01:00PM EST,,OPEN,462,139,1.0,0.1,2.1,0.0,0.0,0.0,0.0,0.0,0.0,0.0,0.0,0.0,,,31779,,
415,Will Levis,NYJ,QB,13,,,@DET,Sun 01:00PM EST,,FIXED,523,50,1.0,0.0,17.8,,,,,,,,,,,,29194,,1116663
416,Sam Howell,DAL,QB,14,,,BAL,Sun 04:25PM EST,,,524,51,1.0,0.0,10.7,,,,,,,,,,,,28746,104576,1168245
417,Chris Oladokun,KC,QB,5,,,@MIA,Sun 01:00PM EST,,OPEN,525,52,1.0,0.0,16.1,0.0,,58.0,0.0,2.0,,18.0,,55.0,,51.4,28842,73398,947634
418,Nick Vannett,BAL,TE,13,,,@DAL,Sun 04:25PM EST,,,297,65,0.9,0.1,2.1,,,,,,,,,17.0,,,4431,28570,606488
419,Lucas Krull,DEN,TE,10,,,LA,Sun 08:20PM EST,,OPEN,298,66,0.9,0.1,1.9,,,,,,,,,,,,29072,,1122323
420,Daniel Bellinger,TEN,TE,9,,X-DNP-LP,@NYG,Sun 01:00PM EST,,OPEN,299,67,0.9,0.2,1.8,4.0,10.8,15.0,0.3,0.0,1.0,1.3,45.0,55.0,4.2,4.7,28715,90307,1122035
421,Theo Johnson,NYG,TE,8,,,TEN,Sun 01:00PM EST,,OPEN,300,68,0.9,0.2,1.9,0.7,1.4,4.5,0.0,0.0,4.0,2.5,28.0,37.0,25.0,14.1,30042,,1214414
422,Cody Schrader,DEN,RB,10,,,LA,Sun 08:20PM EST,,OPEN,426,99,0.9,0.0,2.3,,,,,,,,,,,,29877,,1140248
423,Kendall Milton,CIN,RB,6,,,@PIT,Sun 01:00PM EST,,OPEN,427,100,0.9,0.0,2.1,,,,,,,,,,,,29747,,1213345
424,Jerome Ford,MIN,RB,6,,,@TB,Sun 04:05PM EST,,OPEN,428,101,0.9,0.0,2.4,,,,,,,,,,,,28758,90533,1125737
425,Dameon Pierce,PHI,RB,10,,,@CHI,Mon 08:15PM EST,,OPEN,429,102,0.9,0.0,2.6,1.0,,10.0,0.0,0.0,,4.0,,8.0,,80.0,28710,86055,1108998
426,Ollie Gordon II,MIA,RB,6,,,KC,Sun 01:00PM EST,,OPEN,430,103,0.9,0.0,2.3,1.1,0.9,9.0,0.0,0.0,3.0,6.5,19.0,20.7,27.3,38.6,30474,,1377766
427,Casey Washington,CAR,WR,5,,,@CLE,Sun 01:00PM EST,,OPEN,468,140,0.9,0.2,2.0,,,,,,,,,,,,29758,,1176431
428,Ray-Ray McCloud,NYG,WR,8,,,TEN,Sun 01:00PM EST,,OPEN,469,141,0.9,0.2,2.1,,,,,,,,,,,,5184,62055,867759
429,Jalin Hyatt,NYG,WR,8,,,TEN,Sun 01:00PM EST,,OPEN,470,142,0.9,0.2,2.0,,,,,,,,,,,,29234,,1232892
430,Tyler Johnson,NYJ,WR,13,,,@DET,Sun 01:00PM EST,,FIXED,471,143,0.9,0.2,2.2,,,,,,,,,,,,26938,68712,911236
431,Michael Bandy,DEN,WR,10,,,LA,Sun 08:20PM EST,,OPEN,472,144,0.9,0.2,2.2,,,,,,,,,,,,28546,154661,920482
432,Elijah Moore,PHI,WR,10,,X-X-FP,@CHI,Mon 08:15PM EST,,OPEN,473,145,0.9,0.1,2.1,,,,,,,,,,,,28039,88575,1128783
433,Cyrus Allen,KC,WR,5,,,@MIA,Sun 01:00PM EST,,OPEN,474,146,0.9,0.1,2.0,0.0,,0.0,0.0,0.0,,1.0,4.0,2.5,,100.0,31302,,
434,Cody White,LVR,WR,13,,,@NO,Sun 04:25PM EST,,FIXED,475,147,0.9,0.2,1.9,7.7,15.4,12.0,1.0,0.0,2.0,1.5,11.0,13.5,28.6,18.9,28373,92890,1057484
435,Tutu Atwell,LA,WR,11,O,,@DEN,Sun 08:20PM EST,,OPEN,476,148,0.9,0.2,2.2,2.4,0.0,19.0,0.0,0.0,2.0,2.5,18.0,15.5,18.2,24.1,28062,92976,1106760
436,Kyle Williams,NE,WR,11,,,@JAX,Sun 01:00PM EST,,OPEN,477,149,0.9,0.2,2.0,0.7,1.5,5.0,0.0,0.0,2.0,1.0,20.0,27.7,18.2,7.3,30365,,1227157
437,J. Michael Sturdivant,GB,WR,11,,,ATL,Thu 08:15PM EST,,OPEN,478,150,0.9,0.1,1.9,0.0,,0.0,0.0,0.0,0.0,0.0,,,,,31359,,
438,Case Keenum,CHI,QB,10,,,PHI,Mon 08:15PM EST,,OPEN,533,53,0.9,0.0,13.1,,,,,,,,,,,,3269,22994,338280
439,Shane Buechele,BUF,QB,7,,,LAC,Sun 01:00PM EST,,OPEN,534,54,0.9,0.0,14.4,3.9,,92.0,0.0,0.0,,15.0,,45.0,,51.7,28524,69833,911619
440,Tanner Conner,NE,TE,11,,,@JAX,Sun 01:00PM EST,,OPEN,303,69,0.8,0.1,1.7,,,,,,,,,,,,29003,170188,946261
441,Zaire Mitchell-Paden,HOU,TE,8,,,@IND,Sun 01:00PM EST,,RETRACTABLE,304,70,0.8,0.1,1.7,,,,,,,,,,,,29115,,1289220
442,Jackson Hawes,BUF,TE,7,,,LAC,Sun 01:00PM EST,,OPEN,305,71,0.8,0.1,1.9,0.5,,0.0,0.0,0.0,,1.0,50.0,40.7,,4.5,30468,,
443,Tanner Hudson,CIN,TE,6,,,@PIT,Sun 01:00PM EST,,OPEN,306,72,0.8,0.1,1.6,0.9,,4.0,0.0,0.0,,1.0,,9.0,,16.7,26870,83117,1115394
444,Foster Moreau,HOU,TE,8,,,@IND,Sun 01:00PM EST,,RETRACTABLE,307,73,0.8,0.1,1.7,3.5,1.9,24.5,0.0,0.0,2.0,2.0,29.0,36.5,8.7,7.2,27030,60712,865573
445,Brock Wright,DET,TE,6,,,NYJ,Sun 01:00PM EST,,FIXED,308,74,0.8,0.1,1.7,0.5,1.0,2.5,0.0,0.0,0.0,0.5,26.0,38.5,0.0,1.3,28510,91046,978120
446,Jeremy Ruckert,NYJ,TE,13,,,@DET,Sun 01:00PM EST,,FIXED,309,75,0.8,0.1,1.8,1.2,0.6,4.5,0.0,0.0,2.0,1.5,34.0,45.7,8.0,5.7,28704,87815,1122596
447,Brevyn Spann-Ford,DAL,TE,14,,,BAL,Sun 04:25PM EST,,,310,76,0.8,0.1,1.7,2.1,4.0,14.7,0.0,0.0,0.0,1.7,38.0,30.3,0.0,11.0,29818,,1108202
448,Zavier Scott,CHI,RB,10,,,PHI,Mon 08:15PM EST,,OPEN,436,104,0.8,0.0,2.0,2.2,,17.0,0.0,0.0,,4.0,,9.0,,66.7,29673,,1067309
449,Josh Williams,TB,RB,10,,,MIN,Sun 04:05PM EST,,OPEN,437,105,0.8,0.0,1.9,0.0,,0.0,0.0,0.0,,0.0,,0.0,,,30785,,
450,AJ Dillon,CAR,RB,5,,,@CLE,Sun 01:00PM EST,,OPEN,438,106,0.8,0.0,2.1,1.2,2.8,9.3,0.0,0.0,3.0,3.0,6.0,6.3,75.0,65.5,27505,93107,1060545
451,Isaiah Davis,NYJ,RB,13,,,@DET,Sun 01:00PM EST,,FIXED,439,107,0.8,0.0,2.2,0.0,,0.0,0.0,0.0,0.0,0.0,0.0,0.0,,,29889,,1271609
452,Corey Kiner,NE,RB,11,,,@JAX,Sun 01:00PM EST,,OPEN,440,108,0.8,0.0,2.2,1.6,3.8,13.0,0.0,0.0,2.0,4.7,7.0,14.3,50.0,56.0,30554,,1286050
453,Odell Beckham Jr.,NYG,WR,8,,,TEN,Sun 01:00PM EST,,OPEN,491,151,0.8,0.2,1.9,,,,,,,,5.0,10.5,,,5423,31360,589984
454,KhaDarel Hodge,SF,WR,8,,,ARI,Sun 04:05PM EST,,OPEN,492,152,0.8,0.2,1.9,1.1,2.3,9.0,0.0,0.0,1.0,0.5,38.0,20.0,5.0,2.5,26474,85306,757521
455,Greg Dortch,BUF,WR,7,,,LAC,Sun 01:00PM EST,,OPEN,493,153,0.8,0.1,2.0,0.0,0.0,0.0,0.0,0.0,0.0,0.0,5.0,2.5,0.0,0.0,27359,69558,910852
456,Chris Blair,ATL,WR,11,,,@GB,Thu 08:15PM EST,,OPEN,494,154,0.8,0.1,1.8,0.6,1.1,3.0,0.0,0.0,3.0,1.5,49.0,33.0,8.8,4.4,28342,147168,1120347
457,Ryan Miller,MIA,WR,6,Q,LP-DNP-FP,KC,Sun 01:00PM EST,,OPEN,495,155,0.8,0.2,1.7,14.2,,77.0,1.0,0.0,1.0,1.0,12.0,6.0,14.3,14.3,29663,,
458,Jalen Royals,KC,WR,5,,,@MIA,Sun 01:00PM EST,,OPEN,496,156,0.8,0.1,1.8,3.0,7.6,3.3,0.3,0.0,2.0,1.7,15.0,27.3,16.7,11.8,30428,,1403491
459,Mitchell Trubisky,TEN,QB,9,,,@NYG,Sun 01:00PM EST,,OPEN,536,55,0.8,0.0,19.9,28.9,,264.0,4.0,0.0,,34.0,,99.0,,45.9,5252,38628,728169
460,Max Brosmer,MIN,QB,6,,,@TB,Sun 04:05PM EST,,OPEN,537,56,0.8,0.0,10.6,0.3,,57.0,0.0,1.0,,8.0,,36.0,,33.3,30672,,
461,Brenden Bates,JAX,TE,7,,,NE,Sun 01:00PM EST,,OPEN,327,77,0.7,0.0,1.5,1.1,,6.0,0.0,0.0,,1.0,,46.0,,4.2,30120,,1113381
462,Cade Stover,HOU,TE,8,,,@IND,Sun 01:00PM EST,,RETRACTABLE,328,78,0.7,0.1,1.4,0.9,0.9,3.5,0.0,0.0,,1.5,10.0,29.7,,5.2,29902,,1175182
463,Bauer Sharp,TB,TE,10,,,MIN,Sun 04:05PM EST,,OPEN,329,79,0.7,0.1,1.6,0.0,,0.0,0.0,0.0,,0.0,5.0,3.5,,0.0,31495,,
464,Carsen Ryan,CLE,TE,11,,,CAR,Sun 01:00PM EST,,OPEN,330,80,0.7,0.1,1.6,0.0,,0.0,0.0,0.0,,0.0,2.0,1.0,,,31532,,
465,Durham Smythe,BAL,TE,13,,,@DAL,Sun 04:25PM EST,,,331,81,0.7,0.1,1.4,0.3,0.9,1.3,0.0,0.0,1.0,0.7,55.0,46.3,3.1,1.8,5120,42046,749968
466,Luke Farrell,SF,TE,8,,,ARI,Sun 04:05PM EST,,OPEN,332,82,0.7,0.1,1.6,1.4,2.9,9.5,0.0,0.0,0.0,1.0,54.0,48.0,0.0,2.1,28150,73176,946541
467,Mitchell Evans,CAR,TE,5,,,@CLE,Sun 01:00PM EST,,OPEN,333,83,0.7,0.1,1.5,1.4,0.8,9.0,0.0,0.0,1.0,1.7,58.0,47.7,2.6,6.2,30458,,1289471
468,Elijah Arroyo,SEA,TE,11,,,@WAS,Sun 01:00PM EST,,OPEN,334,84,0.7,0.1,1.5,2.2,,17.0,0.0,0.0,1.0,1.0,21.0,21.5,6.7,6.7,30346,,1286840
469,Dare Ogunbowale,LVR,RB,13,,,@NO,Sun 04:25PM EST,,FIXED,446,109,0.7,0.0,1.8,1.4,,9.0,0.0,0.0,,3.0,,13.0,,33.3,21853,28827,703015
470,Zamir White,NO,RB,8,,,LVR,Sun 04:25PM EST,,FIXED,447,110,0.7,0.0,1.9,1.5,,10.0,0.0,0.0,,2.0,,3.0,,100.0,28724,91578,1110697
471,Evan Hull,ARI,RB,14,,,@SF,Sun 04:05PM EST,,OPEN,448,111,0.7,0.0,1.9,1.1,,11.0,0.0,0.0,,2.0,,12.0,,25.0,29337,,1173266
472,Jaret Patterson,MIN,RB,6,,,@TB,Sun 04:05PM EST,,OPEN,449,112,0.7,0.0,2.0,5.2,,37.0,0.0,0.0,,12.0,,79.0,,21.4,28409,88699,1108937
473,Frank Gore Jr.,BUF,RB,7,,,LAC,Sun 01:00PM EST,,OPEN,450,113,0.7,0.0,1.7,0.3,,3.0,0.0,0.0,,1.0,12.0,15.5,,9.1,29988,,
474,Lan Larison,NE,RB,11,,,@JAX,Sun 01:00PM EST,,OPEN,451,114,0.7,0.0,1.8,1.9,,9.0,0.0,0.0,,2.0,,4.0,,66.7,30598,,1215658
475,Bryce Oliver,HOU,WR,8,,,@IND,Sun 01:00PM EST,,RETRACTABLE,507,157,0.7,0.2,1.7,,,,,,,,,35.0,,,30199,,1113398
476,David Moore,CAR,WR,5,,,@CLE,Sun 01:00PM EST,,OPEN,508,158,0.7,0.1,1.7,,,,,,,,,,,,5302,79987,1049915
477,Dominic Lovett,DET,WR,6,,,NYJ,Sun 01:00PM EST,,FIXED,509,159,0.7,0.1,1.4,,,,,,,,,,,,30538,,1286480
478,Austin Trammell,JAX,WR,7,,,NE,Sun 01:00PM EST,,OPEN,510,160,0.7,0.1,1.6,,,,,,,,,,,,28555,88685,1056660
479,Shedrick Jackson,BAL,WR,13,,,@DAL,Sun 04:25PM EST,,,511,161,0.7,0.1,1.4,1.9,,14.0,0.0,0.0,,2.0,,8.0,,40.0,29649,,1114364
480,Bo Melton,GB,WR,11,,FP-FP-FP,ATL,Thu 08:15PM EST,,OPEN,512,162,0.7,0.1,1.5,0.5,1.5,3.3,0.0,0.0,1.0,1.0,15.0,17.3,11.1,10.4,28830,92606,1068803
481,Xavier Smith,LA,WR,11,,,@DEN,Sun 08:20PM EST,,OPEN,513,163,0.7,0.2,1.5,0.4,1.1,2.0,0.0,0.0,1.0,1.0,42.0,33.7,3.8,3.9,29710,,1137635
482,Efton Chism III,NE,WR,11,,,@JAX,Sun 01:00PM EST,,OPEN,514,164,0.7,0.1,1.4,2.2,3.5,16.5,0.0,0.0,1.0,1.0,18.0,31.0,10.0,6.9,30690,,
483,Josh Whyle,GB,TE,11,,,ATL,Thu 08:15PM EST,,OPEN,341,85,0.6,0.1,1.4,0.9,,4.0,0.0,0.0,,1.0,0.0,29.7,,2.7,29308,,1107037
484,Jack Westover,WAS,TE,7,,,SEA,Sun 01:00PM EST,,OPEN,342,86,0.6,0.1,1.3,0.5,,0.0,0.0,0.0,,1.0,,36.0,,4.8,29911,,1121863
485,Luke Schoonmaker,DAL,TE,14,,,BAL,Sun 04:25PM EST,,,343,87,0.6,0.1,1.2,1.7,0.0,12.0,0.0,0.0,,1.0,29.0,26.7,,7.0,29219,,1130242
486,Jake Briningstool,KC,TE,5,,,@MIA,Sun 01:00PM EST,,OPEN,344,88,0.6,0.1,1.3,1.4,,9.0,0.0,0.0,,1.0,12.0,15.5,,7.7,30565,,1287639
487,Charlie Woerner,ATL,TE,11,,,@GB,Thu 08:15PM EST,,OPEN,345,89,0.6,0.1,1.3,0.0,,0.0,0.0,0.0,1.0,1.0,49.0,39.0,2.9,2.9,27632,71351,922040
488,Davis Allen,LA,TE,11,,,@DEN,Sun 08:20PM EST,,OPEN,346,90,0.6,0.1,1.3,1.0,1.8,6.7,0.0,0.0,1.0,1.0,52.0,52.3,3.1,3.3,29336,,1161664
489,Ben VanSumeren,KC,RB,5,,,@MIA,Sun 01:00PM EST,,OPEN,463,115,0.6,0.0,1.6,0.0,,0.0,0.0,0.0,,0.0,0.0,2.0,,0.0,29544,,1130245
490,DeeJay Dallas,MIN,RB,6,,LP-LP-FP,@TB,Sun 04:05PM EST,,OPEN,464,116,0.6,0.0,1.6,1.0,2.5,7.0,0.0,0.0,3.0,1.3,15.0,8.0,37.5,27.1,27587,94087,976309
491,Sione Vaki,DET,RB,6,,,NYJ,Sun 01:00PM EST,,FIXED,465,117,0.6,0.0,1.6,1.6,2.5,12.7,0.0,0.0,2.0,1.7,17.0,15.3,18.2,15.9,29857,,1381164
492,LeQuint Allen Jr.,JAX,RB,7,,LP-LP-LP,NE,Sun 01:00PM EST,,OPEN,466,118,0.6,0.0,1.7,0.0,,0.0,0.0,0.0,1.0,1.0,15.0,11.7,11.1,11.1,30530,,1378840
493,Tylan Wallace,CLE,WR,11,,,CAR,Sun 01:00PM EST,,OPEN,526,165,0.6,0.1,1.4,,,,,,,,24.0,18.3,,,28136,87515,1062546
494,Kaden Davis,CHI,WR,10,,,PHI,Mon 08:15PM EST,,OPEN,527,166,0.6,0.1,1.3,0.0,,0.0,0.0,0.0,,0.0,,13.0,,0.0,29574,,1386002
495,Jimmy Horn Jr.,CLE,WR,11,,,CAR,Sun 01:00PM EST,,OPEN,528,167,0.6,0.1,1.3,1.0,2.0,7.5,0.0,0.0,,1.0,,26.0,,6.7,30502,,1322393
496,Dareke Young,LVR,WR,13,,LP-FP-FP,@NO,Sun 04:25PM EST,,FIXED,529,168,0.6,0.2,1.2,1.6,3.2,13.5,0.0,0.0,1.0,0.5,19.0,15.3,8.3,4.2,28834,169834,1384869
497,Nikko Remigio,KC,WR,5,,,@MIA,Sun 01:00PM EST,,OPEN,530,169,0.6,0.1,1.4,0.0,0.0,0.0,0.0,0.0,0.0,0.0,0.0,0.0,,,29511,,1127080
498,Malik Benson,LVR,WR,13,,,@NO,Sun 04:25PM EST,,FIXED,531,170,0.6,0.1,1.4,0.6,1.1,-1.0,0.0,0.0,1.0,2.0,13.0,11.5,12.5,27.7,31306,,
499,Andy Dalton,PHI,QB,10,,,@CHI,Mon 08:15PM EST,,OPEN,555,57,0.6,0.0,12.7,,,,,,,,,,,,2239,14225,322858
500,Gardner Minshew,ARI,QB,14,,,@SF,Sun 04:05PM EST,,OPEN,556,58,0.6,0.0,9.9,,,,,,,,,,,,27052,61798,867303
501,Kenny Pickett,CAR,QB,5,,,@CLE,Sun 01:00PM EST,,OPEN,557,59,0.6,0.0,6.3,0.8,2.4,10.7,0.0,0.3,1.0,2.7,6.0,11.3,25.0,33.0,28624,92020,976924
502,Tyson Bagent,CHI,QB,10,Q,DNP-DNP-FP,PHI,Mon 08:15PM EST,,OPEN,558,60,0.6,0.0,9.5,2.2,,54.0,0.0,0.0,9.0,9.0,14.0,14.0,90.0,90.0,29602,,1444140
503,Jack Stoll,SF,TE,8,,,ARI,Sun 04:05PM EST,,OPEN,352,91,0.5,0.1,1.2,,,,,,,,,,,,28400,69451,911985
504,Josiah Deguara,PHI,TE,10,,,@CHI,Mon 08:15PM EST,,OPEN,353,92,0.5,0.1,1.1,8.5,,15.0,1.0,0.0,,2.0,,11.0,,33.3,27537,61112,866149
505,David Martin-Robinson,TEN,TE,9,,,@NYG,Sun 01:00PM EST,,OPEN,354,93,0.5,0.1,1.2,1.9,,14.0,0.0,0.0,,3.0,13.0,18.0,,13.6,30082,,1124199
506,Jared Wiley,KC,TE,5,O,,@MIA,Sun 01:00PM EST,,OPEN,355,94,0.5,0.1,1.0,0.0,,0.0,0.0,0.0,,0.0,,19.0,,0.0,29971,,1163272
507,Hunter Long,ARI,TE,14,,,@SF,Sun 04:05PM EST,,OPEN,356,95,0.5,0.1,1.1,0.0,0.0,0.0,0.0,0.0,0.0,0.0,30.0,32.5,0.0,0.0,28086,93075,1060550
508,Colson Yankoff,WAS,TE,7,,,SEA,Sun 01:00PM EST,,OPEN,357,96,0.5,0.1,1.1,0.9,1.9,7.0,0.0,0.0,1.0,0.5,30.0,17.3,4.8,2.4,30125,,1107232
509,Lew Nichols III,PIT,RB,9,,,CIN,Sun 01:00PM EST,,OPEN,467,119,0.5,0.0,1.1,,,,,,,,,,,,29396,,1166480
510,Charlie Jones,NYG,WR,8,,,TEN,Sun 01:00PM EST,,OPEN,538,171,0.5,0.1,1.3,,,,,,,,,,,,29292,,1067132
511,Gage Larvadain,BAL,WR,13,,,@DAL,Sun 04:25PM EST,,,539,172,0.5,0.1,1.1,0.0,,0.0,0.0,0.0,,0.0,,8.0,,0.0,30626,,1323007
512,Dalen Cambre,NYG,WR,8,,,TEN,Sun 01:00PM EST,,OPEN,540,173,0.5,0.0,1.0,0.0,,0.0,0.0,0.0,,0.0,,9.0,,0.0,30703,,
513,Jonathan Mingo,DAL,WR,14,,,BAL,Sun 04:25PM EST,,,541,174,0.5,0.1,1.3,0.8,1.5,5.0,0.0,0.0,,1.0,20.0,27.7,,6.7,29200,,1176782
514,Braxton Berrios,NYG,WR,8,,,TEN,Sun 01:00PM EST,,OPEN,542,175,0.5,0.1,1.2,0.0,0.0,0.0,0.0,0.0,0.0,0.0,9.0,13.0,0.0,0.0,5206,52495,820866
515,Derius Davis,LAC,WR,7,,FP-FP-FP,@BUF,Sun 01:00PM EST,,OPEN,543,176,0.5,0.1,1.2,0.4,1.2,2.3,0.0,0.0,1.0,1.0,12.0,32.0,12.5,8.2,29286,,1113477
516,Tua Tagovailoa,ATL,QB,11,,LP-FP-FP,@GB,Thu 08:15PM EST,,OPEN,559,61,0.5,0.0,16.9,,,,,,,,,,,,27448,90572,973947
517,Joshua Dobbs,DET,QB,6,,,NYJ,Sun 01:00PM EST,,FIXED,560,62,0.5,0.0,7.8,0.9,,23.0,0.0,0.0,,7.0,,24.0,,50.0,5273,40407,741262
518,Nick Mullens,JAX,QB,7,,,NE,Sun 01:00PM EST,,OPEN,561,63,0.5,0.0,6.4,0.3,0.6,5.5,0.0,0.0,,4.0,,15.0,,44.2,26258,41562,748309
519,Mason Rudolph,PIT,QB,9,,,CIN,Sun 01:00PM EST,,OPEN,562,64,0.5,0.0,7.8,0.3,,3.0,0.0,0.0,2.0,2.0,4.0,4.0,66.7,66.7,5073,53729,823220
520,Mac Jones,SF,QB,8,,,ARI,Sun 04:05PM EST,,OPEN,563,65,0.5,0.0,9.6,0.0,,-2.0,0.0,0.0,2.0,2.0,15.0,15.0,25.0,25.0,28020,90584,973945
521,Stephen Carlson,CHI,TE,10,,,PHI,Mon 08:15PM EST,,OPEN,367,97,0.4,0.1,0.8,,,,,,,,,,,,27367,104008,881697
522,Ko Kieft,TB,TE,10,,,MIN,Sun 04:05PM EST,,OPEN,368,98,0.4,0.1,0.8,,,,,,,,0.0,1.0,,,28819,68714,911239
523,E.J. Jenkins,PHI,TE,10,,,@CHI,Mon 08:15PM EST,,OPEN,369,99,0.4,0.1,1.0,,,,,,,,33.0,17.5,,,29725,,1051781
524,Hayden Rucci,LAC,TE,7,,,@BUF,Sun 01:00PM EST,,OPEN,370,100,0.4,0.1,0.9,,,,,,,,,,,,30245,,1180294
525,Robert Tonyan,PIT,TE,9,,,CIN,Sun 01:00PM EST,,OPEN,371,101,0.4,0.1,1.0,,,,,,,,3.0,3.0,,,26332,80353,660151
526,Cam Grandy,MIN,TE,6,,,@TB,Sun 04:05PM EST,,OPEN,372,102,0.4,0.0,0.9,,,,,,,,,,,,30202,,1251513
527,Teagan Quitoriano,ARI,TE,14,,,@SF,Sun 04:05PM EST,,OPEN,373,103,0.4,0.1,0.8,,,,,,,,,3.0,,,28772,93026,1128538
528,James Mitchell,DAL,TE,14,,,BAL,Sun 04:25PM EST,,,374,104,0.4,0.1,0.9,,,,,,,,,8.0,,,28778,85986,1123712
529,Nick Muse,ATL,TE,11,,LP-FP-FP,@GB,Thu 08:15PM EST,,OPEN,375,105,0.4,0.1,0.8,0.0,,0.0,0.0,0.0,,0.0,20.0,14.0,,0.0,28828,96254,1049792
530,Quintin Morris,JAX,TE,7,,,NE,Sun 01:00PM EST,,OPEN,376,106,0.4,0.1,0.8,2.7,7.0,4.0,0.3,0.0,1.0,1.0,22.0,35.7,7.7,5.2,28518,90123,1059680
531,Brayden Willis,SF,TE,8,,,ARI,Sun 04:05PM EST,,OPEN,377,107,0.4,0.1,0.9,0.0,,0.0,0.0,0.0,0.0,0.0,25.0,25.0,0.0,0.0,29408,,1125589
532,Eric Gray,CLE,RB,11,,,CAR,Sun 01:00PM EST,,OPEN,485,120,0.4,0.0,1.1,,,,,,,,,0.0,,,29333,,1161798
533,Tyler Goodson,DAL,RB,14,,,BAL,Sun 04:25PM EST,,,486,121,0.4,0.0,1.0,0.3,,3.0,0.0,0.0,,1.0,,5.0,,33.3,29094,,1168918
534,Jarquez Hunter,MIA,RB,6,,,KC,Sun 01:00PM EST,,OPEN,487,122,0.4,0.0,1.1,,,,,,,,,,,,30412,,1319185
535,Tahj Brooks,CIN,RB,6,,,@PIT,Sun 01:00PM EST,,OPEN,488,123,0.4,0.0,1.0,0.0,,0.0,0.0,0.0,,0.0,2.0,1.7,,0.0,30487,,1228730
536,Andrew Beck,NYJ,RB,13,,,@DET,Sun 01:00PM EST,,FIXED,489,124,0.4,0.0,1.2,3.4,6.7,1.0,0.5,0.0,0.0,1.0,5.0,14.3,0.0,8.3,27262,54426,824428
537,Adam Prentice,DEN,RB,10,,,LA,Sun 08:20PM EST,,OPEN,490,125,0.4,0.0,1.1,0.3,0.7,1.0,0.0,0.0,1.0,0.5,13.0,15.0,12.5,6.2,28419,65231,885540
538,Jalen Moreno-Cropper,NO,WR,8,,,LVR,Sun 04:25PM EST,,FIXED,544,177,0.4,0.0,0.8,,,,,,,,,,,,29426,,1170916
539,Trent Sherfield,BUF,WR,7,,,LAC,Sun 01:00PM EST,,OPEN,545,178,0.4,0.1,0.8,,,,,,,,,,,,26408,56059,835861
540,Coleman Owen,IND,WR,13,,,HOU,Sun 01:00PM EST,,RETRACTABLE,546,179,0.4,0.1,0.8,,,,,,,,,,,,30716,,
541,Nick Westbrook-Ikhine,IND,WR,13,,,HOU,Sun 01:00PM EST,,RETRACTABLE,547,180,0.4,0.1,0.8,0.0,,0.0,0.0,0.0,,0.0,,11.0,,0.0,27834,64389,883259
542,Dylan Drummond,ATL,WR,11,,,@GB,Thu 08:15PM EST,,OPEN,548,181,0.4,0.0,0.9,0.0,,0.0,0.0,0.0,,0.0,,16.0,,0.0,29638,,1108534
543,Ke'Shawn Williams,CIN,WR,6,,,@PIT,Sun 01:00PM EST,,OPEN,549,182,0.4,0.1,0.8,0.9,,9.0,0.0,0.0,,1.0,,3.0,,50.0,30689,,
544,Tom Kennedy,DET,WR,6,,,NYJ,Sun 01:00PM EST,,FIXED,550,183,0.4,0.1,1.2,0.0,0.0,0.0,0.0,0.0,0.0,0.0,0.0,0.3,,0.0,27326,104388,837087
545,Devin Duvernay,ARI,WR,14,,,@SF,Sun 04:05PM EST,,OPEN,551,184,0.4,0.1,1.0,0.0,0.0,0.0,0.0,0.0,0.0,0.0,0.0,0.0,,,27535,71032,920756
546,Jalen Brooks,ARI,WR,14,,,@SF,Sun 04:05PM EST,,OPEN,552,185,0.4,0.1,1.0,0.0,0.0,0.0,0.0,0.0,0.0,0.0,4.0,12.0,0.0,0.0,29405,,1223301
547,Kameron Johnson,TB,WR,10,,,MIN,Sun 04:05PM EST,,OPEN,553,186,0.4,0.1,1.1,0.0,0.0,0.0,0.0,0.0,0.0,0.0,0.0,3.0,,0.0,30110,,1412326
548,Jaylin Lane,WAS,WR,7,,LP-LP-FP,SEA,Sun 01:00PM EST,,OPEN,554,187,0.4,0.1,0.9,0.5,0.9,2.0,0.0,0.0,0.0,0.5,15.0,20.5,0.0,2.8,30423,,1214689
549,Spencer Rattler,NO,QB,8,,,LVR,Sun 04:25PM EST,,FIXED,575,66,0.4,0.0,12.6,,,,,,,,,,,,29789,,1174752
550,Nick Kallerup,SEA,TE,11,,,@WAS,Sun 01:00PM EST,,OPEN,384,108,0.3,0.0,0.7,,,,,,,,27.0,27.0,,,30592,,1164736
551,Chris Manhertz,NYG,TE,8,,,TEN,Sun 01:00PM EST,,OPEN,385,109,0.3,0.0,0.6,0.0,,0.0,0.0,0.0,,1.0,31.0,32.3,,4.3,4519,18009,563293
552,Pharaoh Brown,IND,TE,13,,,HOU,Sun 01:00PM EST,,RETRACTABLE,386,110,0.3,0.0,0.7,0.0,,0.0,0.0,0.0,,0.0,,22.0,,0.0,14648,29411,689689
553,Eric Saubert,SEA,TE,11,,,@WAS,Sun 01:00PM EST,,OPEN,387,111,0.3,0.0,0.6,0.8,2.0,0.0,0.0,0.0,1.0,1.3,24.0,38.0,5.9,4.0,4578,79980,694931
554,Andrew Ogletree,IND,TE,13,,,HOU,Sun 01:00PM EST,,RETRACTABLE,388,112,0.3,0.0,0.8,0.0,0.0,0.0,0.0,0.0,1.0,1.0,29.0,20.0,5.3,11.0,28793,147049,1271740
555,Cameron Latu,NE,TE,11,,,@JAX,Sun 01:00PM EST,,OPEN,389,113,0.3,0.0,0.6,0.0,0.0,0.0,0.0,0.0,0.0,0.0,25.0,18.3,0.0,0.0,29262,,1125739
556,Keleki Latu,BUF,TE,7,,,LAC,Sun 01:00PM EST,,OPEN,390,114,0.3,0.0,0.7,1.5,4.6,10.3,0.0,0.0,0.0,1.0,8.0,27.7,0.0,2.0,30704,,
557,Jonathan Ward,BAL,RB,13,,,@DAL,Sun 04:25PM EST,,,499,126,0.3,0.0,0.9,,,,,,,,,,,,27875,69068,912553
558,Craig Reynolds,WAS,RB,7,,,SEA,Sun 01:00PM EST,,OPEN,500,127,0.3,0.0,0.8,,,,,,,,,,,,27355,104424,1167356
559,Kalel Mullings,TEN,RB,9,,,@NYG,Sun 01:00PM EST,,OPEN,501,128,0.3,0.0,0.7,,,,,,,,,0.0,,,30482,,1229673
560,Hassan Haskins,NE,RB,11,,,@JAX,Sun 01:00PM EST,,OPEN,502,129,0.3,0.0,0.8,0.3,,3.0,0.0,0.0,,1.0,,4.0,,33.3,28733,91361,1130230
561,Travis Homer,PIT,RB,9,,,CIN,Sun 01:00PM EST,,OPEN,503,130,0.3,0.0,1.0,0.8,1.6,8.0,0.0,0.0,2.0,1.0,3.0,1.5,100.0,100.0,27090,71444,922484
562,Jacob Saylors,DET,RB,6,,,NYJ,Sun 01:00PM EST,,FIXED,504,131,0.3,0.0,0.9,0.0,0.0,0.0,0.0,0.0,0.0,0.0,0.0,0.0,,,29656,,1131457
563,Dylan Laube,LVR,RB,13,,,@NO,Sun 04:25PM EST,,FIXED,505,132,0.3,0.0,0.9,0.0,0.0,0.0,0.0,0.0,0.0,0.0,13.0,9.3,0.0,0.0,29827,,1122182
564,Rasheen Ali,BAL,RB,13,,,@DAL,Sun 04:25PM EST,,,506,133,0.3,0.0,1.0,0.0,0.0,0.0,0.0,0.0,0.0,0.3,0.0,5.3,,12.5,29800,,1229133
565,Tim Jones,JAX,WR,7,,,NE,Sun 01:00PM EST,,OPEN,564,188,0.3,0.1,0.6,,,,,,,,,,,,28994,89437,1056747
566,Xavier Gipson,PHI,WR,10,,,@CHI,Mon 08:15PM EST,,OPEN,565,189,0.3,0.0,0.7,,,,,,,,,0.0,,,29429,,1177970
567,Deven Thompkins,LVR,WR,13,,,@NO,Sun 04:25PM EST,,FIXED,566,190,0.3,0.1,0.8,0.0,,0.0,0.0,0.0,,0.0,,8.0,,0.0,29025,94481,1130833
568,Tai Felton,MIN,WR,6,,,@TB,Sun 04:05PM EST,,OPEN,567,191,0.3,0.1,0.7,0.0,,0.0,0.0,0.0,,0.0,0.0,6.0,,0.0,30397,,1287587
569,Simi Fehoko,ARI,WR,14,,,@SF,Sun 04:05PM EST,,OPEN,568,192,0.3,0.1,0.8,0.0,,0.0,0.0,0.0,,0.0,12.0,10.0,,0.0,28184,89613,1123496
570,Ben Skowronek,PIT,WR,9,,,CIN,Sun 01:00PM EST,,OPEN,569,193,0.3,0.1,0.7,0.3,0.7,1.0,0.0,0.0,1.0,0.5,21.0,10.7,6.7,3.4,28254,71105,920944
571,Britain Covey,PHI,WR,10,,,@CHI,Mon 08:15PM EST,,OPEN,570,194,0.3,0.0,0.7,1.0,3.0,6.7,0.0,0.0,0.0,1.3,0.0,18.3,,11.4,28983,64147,882718
572,Tay Martin,DET,WR,6,,,NYJ,Sun 01:00PM EST,,FIXED,571,195,0.3,0.1,0.7,0.0,0.0,0.0,0.0,0.0,0.0,0.0,0.0,0.0,,,29047,93845,1065052
573,Brycen Tremayne,CAR,WR,5,,,@CLE,Sun 01:00PM EST,,OPEN,572,196,0.3,0.1,0.6,1.2,3.7,9.0,0.0,0.0,0.0,0.7,17.0,16.3,0.0,9.5,29722,,1123525
574,Anthony Gould,IND,WR,13,,,HOU,Sun 01:00PM EST,,RETRACTABLE,573,197,0.3,0.0,0.7,0.0,,0.0,0.0,0.0,0.0,0.0,0.0,0.0,,,29778,,1161661
575,Malachi Corley,CLE,WR,11,,,CAR,Sun 01:00PM EST,,OPEN,574,198,0.3,0.0,0.8,1.6,4.8,12.7,0.0,0.0,0.0,1.7,0.0,14.0,,22.7,30031,,1215291
576,Sean Clifford,CIN,QB,6,,,@PIT,Sun 01:00PM EST,,OPEN,576,67,0.3,0.0,8.9,,,,,,,,,,,,29310,,1067089
577,Kyle Allen,BUF,QB,7,,,LAC,Sun 01:00PM EST,,OPEN,577,68,0.3,0.0,4.5,,,,,,,,,,,,26564,53095,822350
578,Stetson Bennett,LA,QB,11,,,@DEN,Sun 08:20PM EST,,OPEN,578,69,0.3,0.0,7.6,1.4,,22.0,0.0,0.0,,4.0,,16.0,,40.0,29289,,1069763
579,Chris Myarick,LVR,TE,13,,,@NO,Sun 04:25PM EST,,FIXED,399,115,0.2,0.0,0.5,,,,,,,,5.0,6.0,,,27715,56947,838318
580,Payne Durham,TB,TE,10,,,MIN,Sun 04:05PM EST,,OPEN,400,116,0.2,0.0,0.6,0.0,,0.0,0.0,0.0,,1.0,6.0,15.0,,5.6,29332,,1130260
581,Feleipe Franks,CAR,TE,5,,,@CLE,Sun 01:00PM EST,,OPEN,401,117,0.2,0.0,0.4,0.0,0.0,0.0,0.0,0.0,0.0,0.0,6.0,5.3,0.0,0.0,28421,69302,910377
582,Roschon Johnson,CHI,RB,10,,,PHI,Mon 08:15PM EST,,OPEN,520,134,0.2,0.0,0.6,0.0,,0.0,0.0,0.0,,0.0,1.0,0.5,,,29276,,1163265
583,British Brooks,HOU,RB,8,,,@IND,Sun 01:00PM EST,,RETRACTABLE,521,135,0.2,0.0,0.7,3.1,6.3,31.5,0.0,0.0,0.0,6.5,0.0,8.7,,72.2,30107,,1128295
584,Alex Bachman,LA,WR,11,,,@DEN,Sun 08:20PM EST,,OPEN,579,199,0.2,0.1,0.5,0.0,,0.0,0.0,0.0,,0.0,,6.0,,0.0,27192,64634,884315
585,Julius Chestnut,TEN,RB,9,,,@NYG,Sun 01:00PM EST,,OPEN,532,136,0.1,0.0,0.3,0.0,0.0,0.0,0.0,0.0,0.0,0.0,0.0,0.0,,,29002,170184,1125846
586,Hendon Hooker,TEN,QB,9,,,@NYG,Sun 01:00PM EST,,OPEN,581,70,0.1,0.0,8.2,,,,,,,,,,,,29229,,976966
587,Kedon Slovis,GB,QB,11,,,ATL,Thu 08:15PM EST,,OPEN,582,71,0.1,0.0,4.7,,,,,,,,,,,,29781,,1161818
588,Skylar Thompson,BAL,QB,13,IR,,@DAL,Sun 04:25PM EST,,,588,72,0.0,0.0,0.0,,,,,,,,,,,,28848,69294,913829
589,Jalen Milroe,SEA,QB,11,O,,@WAS,Sun 01:00PM EST,,OPEN,589,73,0.0,0.0,0.0,,,,,,,,,,,,30387,,1290102
590,Dillon Gabriel,CLE,QB,11,IR,,CAR,Sun 01:00PM EST,,OPEN,590,74,0.0,0.0,0.0,,,,,,,,,,,,30389,,1165333
591,Zach Wilson,NO,QB,8,O,,LVR,Sun 04:25PM EST,,FIXED,591,75,0.0,0.0,0.0,0.0,,0.0,0.0,0.0,,2.0,,5.0,,66.7,28007,90406,1108052
592,Aidan O'Connell,LVR,QB,13,O,DNP-DNP-DNP,@NO,Sun 04:25PM EST,,FIXED,592,76,0.0,0.0,0.0,4.8,,109.0,0.0,0.0,,23.0,,82.0,,45.1,29296,,1066811
593,J.J. McCarthy,MIN,QB,6,O,,@TB,Sun 04:05PM EST,,OPEN,593,77,0.0,0.0,0.0,8.0,,189.0,0.0,0.0,,25.0,,64.0,,58.1,29996,,1287599
594,Riley Leonard,IND,QB,13,O,,HOU,Sun 01:00PM EST,,RETRACTABLE,594,78,0.0,0.0,0.0,22.9,,288.0,3.0,2.0,,37.0,,100.0,,56.9,30483,,1290165
595,Brady Cook,MIA,QB,6,O,,KC,Sun 01:00PM EST,,OPEN,595,79,0.0,0.0,0.0,9.1,,67.0,1.0,0.0,,25.0,,100.0,,52.1,30715,,
596,Kyler Murray,MIN,QB,6,O,LP-LP-LP,@TB,Sun 04:05PM EST,,OPEN,596,80,0.0,0.0,0.0,0.0,,27.0,0.0,1.0,,7.0,,17.0,,63.6,27161,63484,879799
597,Cooper Rush,ATL,QB,11,O,FP-FP-FP,@GB,Thu 08:15PM EST,,OPEN,597,81,0.0,0.0,0.0,2.9,5.7,124.5,0.5,2.5,19.0,20.5,58.0,79.0,47.5,42.1,4830,44715,694117
598,Jayden Daniels,WAS,QB,7,O,DNP-DNP-DNP,SEA,Sun 01:00PM EST,,OPEN,598,82,0.0,0.0,0.0,16.2,2.9,180.0,1.5,0.5,24.0,31.5,55.0,77.5,61.5,58.6,29990,,1161228
599,Caleb Williams,CHI,QB,10,O,DNP-DNP-DNP,PHI,Mon 08:15PM EST,,OPEN,599,83,0.0,0.0,0.0,20.5,29.5,242.3,2.0,1.0,31.0,34.7,86.0,95.3,48.4,54.1,29989,,1286445
600,Jaxson Dart,NYG,QB,8,IR,DNP-DNP-X,TEN,Sun 01:00PM EST,,OPEN,600,84,0.0,0.0,0.0,15.9,25.8,188.7,1.7,0.7,5.0,27.3,12.0,70.7,71.4,59.6,30321,,1286260
601,Jack Strand,ATL,QB,11,O,,@GB,Thu 08:15PM EST,,OPEN,601,85,0.0,0.0,0.0,0.0,,75.0,0.0,2.0,17.0,17.0,,,,,31593,,
602,Chris Collier,LVR,RB,13,IR,,@NO,Sun 04:25PM EST,,FIXED,602,137,0.0,0.0,0.0,,,,,,,,,,,,30171,,1215974
603,James Conner,ARI,RB,14,IR,,@SF,Sun 04:05PM EST,,OPEN,603,138,0.0,0.0,0.0,,,,,,,,,,,,4603,40687,742390
604,Trey Benson,ARI,RB,14,IR,,@SF,Sun 04:05PM EST,,OPEN,604,139,0.0,0.0,0.0,,,,,,,,,,,,30032,,1248031
605,Trey Sermon,ATL,RB,11,IR,,@GB,Thu 08:15PM EST,,OPEN,605,140,0.0,0.0,0.0,,,,,,,,,,,,28093,86646,976236
606,Isaac Guerendo,SF,RB,8,IR,,ARI,Sun 04:05PM EST,,OPEN,606,141,0.0,0.0,0.0,,,,,,,,,,,,29872,,1126338
607,Brittain Brown,CHI,RB,10,IR,,PHI,Mon 08:15PM EST,,OPEN,607,142,0.0,0.0,0.0,,,,,,,,,,,,28851,71459,922451
608,Isiah Pacheco,DET,RB,6,IR,,NYJ,Sun 01:00PM EST,,FIXED,608,143,0.0,0.0,0.0,,,,,,,,,,,,28852,92575,1106832
609,Malik Davis,DAL,RB,14,IR,,BAL,Sun 04:25PM EST,,,609,144,0.0,0.0,0.0,,,,,,,,,,,,29032,86047,975028
610,Jeremy McNichols,WAS,RB,7,IR,,SEA,Sun 01:00PM EST,,OPEN,610,145,0.0,0.0,0.0,1.6,,11.0,0.0,0.0,,2.0,,22.0,,13.3,4925,56648,837594
611,Kene Nwangwu,NYJ,RB,13,O,DNP-DNP-DNP,@DET,Sun 01:00PM EST,,FIXED,611,146,0.0,0.0,0.0,1.8,,18.0,0.0,0.0,,8.0,,33.0,,50.0,28124,73247,946748
612,Michael Carter,TEN,RB,9,O,,@NYG,Sun 01:00PM EST,,OPEN,612,147,0.0,0.0,0.0,5.4,,39.0,0.0,0.0,,10.0,,53.0,,34.5,28112,93539,976329
613,Ty Chandler,NO,RB,8,IR,,LVR,Sun 04:25PM EST,,FIXED,613,148,0.0,0.0,0.0,4.9,,34.0,0.0,0.0,,14.0,,43.0,,48.3,28771,87371,1059576
614,DJ Giddens,IND,RB,13,O,X-DNP-FP,HOU,Sun 01:00PM EST,,RETRACTABLE,614,149,0.0,0.0,0.0,3.0,,30.0,0.0,0.0,,8.0,,31.0,,40.0,30446,,1303569
615,Trevor Etienne,CAR,RB,5,IR,,@CLE,Sun 01:00PM EST,,OPEN,615,150,0.0,0.0,0.0,0.0,,0.0,0.0,0.0,,0.0,,2.0,,0.0,30409,,1394803
616,Zach Charbonnet,SEA,RB,11,IR,,@WAS,Sun 01:00PM EST,,OPEN,616,151,0.0,0.0,0.0,17.2,,97.0,1.0,0.0,,21.0,,57.0,,53.8,29213,,1164530
617,Robbie Ouzts,SEA,RB,11,IR,,@WAS,Sun 01:00PM EST,,OPEN,617,152,0.0,0.0,0.0,,,,,,,,,30.0,,,30470,,1285958
618,Jordan Mason,MIN,RB,6,IR,,@TB,Sun 04:05PM EST,,OPEN,618,153,0.0,0.0,0.0,10.7,2.5,76.5,0.5,0.0,,14.5,,42.5,,51.8,28927,86875,1116001
619,Ronnie Rivers,LA,RB,11,IR,,@DEN,Sun 08:20PM EST,,OPEN,619,154,0.0,0.0,0.0,1.4,2.9,12.0,0.0,0.0,,3.0,0.0,5.7,,37.5,29030,91971,976804
620,Dylan Sampson,CLE,RB,11,IR,,CAR,Sun 01:00PM EST,,OPEN,620,155,0.0,0.0,0.0,2.7,5.4,22.0,0.0,0.0,,6.5,,25.0,,50.0,30421,,1399910
621,Devin Singletary,NYG,RB,8,O,,TEN,Sun 01:00PM EST,,OPEN,621,156,0.0,0.0,0.0,7.8,10.9,24.3,0.7,0.0,4.0,7.7,26.0,31.3,26.7,34.7,26978,70603,916466
622,Rico Dowdle,PIT,RB,9,O,DNP-DNP-DNP,CIN,Sun 01:00PM EST,,OPEN,622,157,0.0,0.0,0.0,3.5,3.4,31.7,0.0,0.3,9.0,10.3,26.0,45.7,50.0,38.9,27854,72297,933480
623,Breece Hall,NYJ,RB,13,Q,,@DET,Sun 01:00PM EST,,FIXED,623,158,0.0,0.0,0.0,15.2,7.1,105.0,0.5,0.0,21.0,22.5,65.0,61.5,43.8,52.6,28640,103064,1162537
624,Emari Demercado,DAL,RB,14,O,,BAL,Sun 04:25PM EST,,,624,159,0.0,0.0,0.0,2.6,5.5,24.0,0.0,0.0,3.0,2.7,16.0,15.7,33.3,32.8,29612,,1116817
625,De'Von Achane,MIA,RB,6,D,,KC,Sun 01:00PM EST,,OPEN,625,160,0.0,0.0,0.0,9.7,2.2,79.5,0.0,0.0,26.0,21.0,76.0,81.0,57.8,45.5,29245,,1231820
626,Jonathon Brooks,CAR,RB,5,IR,,@CLE,Sun 01:00PM EST,,OPEN,626,161,0.0,0.0,0.0,4.4,4.6,36.5,0.0,0.0,6.0,6.0,30.0,24.5,30.0,38.1,29927,,1326601
627,Jaylen Wright,MIA,RB,6,O,LP-LP-DNP,KC,Sun 01:00PM EST,,OPEN,627,162,0.0,0.0,0.0,1.4,3.0,16.7,0.0,0.7,2.0,6.0,5.0,19.3,66.7,49.8,30046,,1286513
628,Eli Heidenreich,PIT,RB,9,O,,CIN,Sun 01:00PM EST,,OPEN,628,163,0.0,0.0,0.0,0.0,0.0,0.0,0.0,0.0,0.0,0.0,0.0,2.0,,0.0,31869,,
629,Jonah Coleman,DEN,RB,10,IR,DNP-DNP-DNP,LA,Sun 08:20PM EST,,OPEN,629,164,0.0,0.0,0.0,6.7,13.3,29.0,0.5,0.0,13.0,6.5,40.0,23.0,52.0,26.0,31875,,
630,Irvin Charles,SEA,WR,11,IR,,@WAS,Sun 01:00PM EST,,OPEN,630,200,0.0,0.0,0.0,,,,,,,,,,,,29102,,883312
631,Tank Dell,HOU,WR,8,IR,,@IND,Sun 01:00PM EST,,RETRACTABLE,631,201,0.0,0.0,0.0,,,,,,,,,,,,29230,,1128222
632,Johnny Wilson,PHI,WR,10,IR,,@CHI,Mon 08:15PM EST,,OPEN,632,202,0.0,0.0,0.0,,,,,,,,,,,,29751,,
633,Beaux Collins,ATL,WR,11,IR,,@GB,Thu 08:15PM EST,,OPEN,633,203,0.0,0.0,0.0,,,,,,,,,,,,30650,,1287705
634,Mason Tipton,NO,WR,8,IR,,LVR,Sun 04:25PM EST,,FIXED,634,204,0.0,0.0,0.0,,,,,,,,,,,,30103,,1182695
635,Savion Williams,GB,WR,11,IR,,ATL,Thu 08:15PM EST,,OPEN,635,205,0.0,0.0,0.0,,,,,,,,,,,,28660,,1213872
636,David Sills,TB,WR,10,IR,,MIN,Sun 04:05PM EST,,OPEN,636,206,0.0,0.0,0.0,1.6,,11.0,0.0,0.0,,1.0,,71.0,,2.2,27408,61555,866973
637,Darius Slayton,IND,WR,13,O,,HOU,Sun 01:00PM EST,,RETRACTABLE,637,207,0.0,0.0,0.0,5.4,,34.0,0.0,0.0,,9.0,,87.0,,13.8,27089,63819,880557
638,Gunner Olszewski,NYG,WR,8,IR,,TEN,Sun 01:00PM EST,,OPEN,638,208,0.0,0.0,0.0,14.2,,102.0,0.0,0.0,,10.0,,84.0,,15.9,27190,104577,1168410
639,Jeshaun Jones,MIN,WR,6,IR,,@TB,Sun 04:05PM EST,,OPEN,639,209,0.0,0.0,0.0,0.0,,0.0,0.0,0.0,,0.0,,0.0,,,30282,,1106382
640,KeAndre Lambert-Smith,LAC,WR,7,IR,,@BUF,Sun 01:00PM EST,,OPEN,640,210,0.0,0.0,0.0,3.4,,24.0,0.0,0.0,,5.0,,16.0,,21.7,30453,,1214405
641,Dont'e Thornton Jr.,LVR,WR,13,IR,,@NO,Sun 04:25PM EST,,FIXED,641,211,0.0,0.0,0.0,0.0,,0.0,0.0,0.0,,1.0,,13.0,,12.5,30403,,1286164
642,Tim Patrick,NYJ,WR,13,IR,,@DET,Sun 01:00PM EST,,FIXED,642,212,0.0,0.0,0.0,0.9,,4.0,0.0,0.0,,1.0,,36.0,,4.5,26269,57091,838179
643,Calvin Austin III,NYG,WR,8,IR,,TEN,Sun 01:00PM EST,,OPEN,643,213,0.0,0.0,0.0,13.0,,55.0,1.0,0.0,,7.0,,49.0,,18.9,28740,90870,1062765
644,Tyrell Shavers,BUF,WR,7,IR,,LAC,Sun 01:00PM EST,,OPEN,644,214,0.0,0.0,0.0,,,,,,,,,5.0,,,29731,,
645,Christian Kirk,SF,WR,8,IR,,ARI,Sun 04:05PM EST,,OPEN,645,215,0.0,0.0,0.0,0.5,,-3.0,0.0,0.0,,2.0,,57.0,,5.1,5044,60858,865801
646,Ricky Pearsall,SF,WR,8,IR,,ARI,Sun 04:05PM EST,,OPEN,646,216,0.0,0.0,0.0,,,,,,,,,,,,30007,,1161416
647,Jayden Higgins,HOU,WR,8,IR,,@IND,Sun 01:00PM EST,,RETRACTABLE,647,217,0.0,0.0,0.0,9.3,,23.0,1.0,0.0,,5.0,,81.0,,9.1,30330,,1274492
648,Jake Bobo,SEA,WR,11,IR,,@WAS,Sun 01:00PM EST,,OPEN,648,218,0.0,0.0,0.0,,,,,,,,,13.0,,,29552,,1121050
649,Ashton Dulin,IND,WR,13,O,DNP-DNP-DNP,HOU,Sun 01:00PM EST,,RETRACTABLE,649,219,0.0,0.0,0.0,0.0,0.0,0.0,0.0,0.0,,1.5,,28.0,,9.2,27327,104012,1166036
650,A.J. Brown,NE,WR,11,IR,,@JAX,Sun 01:00PM EST,,OPEN,650,220,0.0,0.0,0.0,4.1,,26.0,0.0,0.0,,4.0,,44.0,,12.9,27100,72846,944826
651,Jauan Jennings,MIN,WR,6,O,DNP-DNP-DNP,@TB,Sun 04:05PM EST,,OPEN,651,221,0.0,0.0,0.0,2.8,5.5,17.5,0.0,0.0,,3.5,,68.0,,9.7,27659,61593,867009
652,Nico Collins,HOU,WR,8,O,DNP-DNP-DNP,@IND,Sun 01:00PM EST,,RETRACTABLE,652,222,0.0,0.0,0.0,17.7,,82.0,1.0,0.0,,11.0,,72.0,,19.3,28094,91419,1074698
653,Montorie Foster Jr,SEA,WR,11,O,,@WAS,Sun 01:00PM EST,,OPEN,653,223,0.0,0.0,0.0,0.0,,0.0,0.0,0.0,,0.0,,0.0,,,31236,,
654,Ja'Kobi Lane,BAL,WR,13,IR,,@DAL,Sun 04:25PM EST,,,654,224,0.0,0.0,0.0,1.6,,11.0,0.0,0.0,,3.0,,40.0,,11.1,31282,,
655,Omar Cooper Jr.,NYJ,WR,13,IR,DNP-DNP-DNP,@DET,Sun 01:00PM EST,,FIXED,655,225,0.0,0.0,0.0,3.5,,30.0,0.0,0.0,,1.0,,7.0,,20.0,31887,,
656,Demarcus Robinson,SF,WR,8,IR,DNP-DNP-DNP,ARI,Sun 04:05PM EST,,OPEN,656,226,0.0,0.0,0.0,6.9,8.1,36.0,0.3,0.0,3.0,3.3,31.0,60.7,18.8,12.3,4292,38264,727279
657,Marquise Brown,PHI,WR,10,O,,@CHI,Mon 08:15PM EST,,OPEN,657,227,0.0,0.0,0.0,4.5,6.7,38.0,0.0,0.0,2.0,4.0,22.0,51.5,11.8,11.7,26946,86687,976220
658,Alec Pierce,IND,WR,13,IR,,HOU,Sun 01:00PM EST,,RETRACTABLE,658,228,0.0,0.0,0.0,12.3,25.6,68.0,0.7,0.0,1.0,4.7,26.0,51.0,5.9,13.5,28657,86312,1107027
659,Andrei Iosivas,CIN,WR,6,IR,DNP-DNP-DNP,@PIT,Sun 01:00PM EST,,OPEN,659,229,0.0,0.0,0.0,1.8,1.0,9.7,0.0,0.0,1.0,2.3,53.0,55.7,3.1,6.4,29367,,1124851
660,Jayden Reed,GB,WR,11,O,DNP-DNP-DNP,ATL,Thu 08:15PM EST,,OPEN,660,230,0.0,0.0,0.0,2.2,2.6,12.0,0.0,0.0,1.0,4.0,3.0,25.3,50.0,34.0,29211,,1123398
661,Xavier Legette,CAR,WR,5,O,X-DNP-LP,@CLE,Sun 01:00PM EST,,OPEN,661,231,0.0,0.0,0.0,3.7,7.4,28.7,0.0,0.0,4.0,3.3,50.0,44.7,12.1,14.2,29930,,1180321
662,Jalen Coker,CAR,WR,5,Q,LP-DNP-LP,@CLE,Sun 01:00PM EST,,OPEN,662,232,0.0,0.0,0.0,18.0,19.2,83.7,1.0,0.0,9.0,8.3,76.0,84.0,18.0,16.2,29928,,1218753
663,Adonai Mitchell,NYJ,WR,13,O,X-LP-LP,@DET,Sun 01:00PM EST,,FIXED,663,233,0.0,0.0,0.0,5.6,9.3,41.0,0.0,0.0,12.0,6.0,82.0,67.7,19.7,12.7,30020,,1285908
664,Arian Smith,NYJ,WR,13,IR,,@DET,Sun 01:00PM EST,,FIXED,664,234,0.0,0.0,0.0,0.1,0.2,0.7,0.0,0.0,0.0,1.3,1.0,12.3,0.0,22.9,30405,,1218653
665,Colbie Young,CIN,WR,6,Q,,@PIT,Sun 01:00PM EST,,OPEN,665,235,0.0,0.0,0.0,1.2,,7.0,0.0,0.0,1.0,1.0,17.0,15.5,10.0,10.0,31470,,
666,Barion Brown,NO,WR,8,O,DNP-DNP-DNP,LVR,Sun 04:25PM EST,,FIXED,666,236,0.0,0.0,0.0,0.1,0.3,1.5,0.0,0.0,0.0,0.5,3.0,5.5,0.0,7.2,31500,,
667,Caleb Douglas,MIA,WR,6,O,DNP-DNP-DNP,KC,Sun 01:00PM EST,,OPEN,667,237,0.0,0.0,0.0,7.4,9.0,56.5,0.0,0.0,3.0,5.0,86.0,88.5,5.9,9.8,31898,,
668,Brenen Thompson,LAC,WR,7,O,DNP-DNP-DNP,@BUF,Sun 01:00PM EST,,OPEN,668,238,0.0,0.0,0.0,1.8,,13.0,0.0,1.0,3.0,3.0,18.0,18.0,25.0,25.0,31926,,
669,Cole Turner,MIA,TE,6,IR,,KC,Sun 01:00PM EST,,OPEN,669,118,0.0,0.0,0.0,,,,,,,,,0.0,,,28751,94345,1122692
670,Brevin Jordan,HOU,TE,8,O,,@IND,Sun 01:00PM EST,,RETRACTABLE,670,119,0.0,0.0,0.0,,,,,,,,,,,,28152,94094,1121871
671,Tip Reiman,ARI,TE,14,IR,,@SF,Sun 04:05PM EST,,OPEN,671,120,0.0,0.0,0.0,,,,,,,,,,,,29923,,1229489
672,Justin Shorter,LVR,TE,13,IR,,@NO,Sun 04:25PM EST,,FIXED,672,121,0.0,0.0,0.0,,,,,,,,,,,,29311,,1121887
673,Thomas Fidone II,NYG,TE,8,O,,TEN,Sun 01:00PM EST,,OPEN,673,122,0.0,0.0,0.0,,,,,,,,,,,,30513,,1287655
674,Princeton Fant,DAL,TE,14,IR,,BAL,Sun 04:25PM EST,,,674,123,0.0,0.0,0.0,,,,,,,,,,,,29662,,1059585
675,Ja'Tavion Sanders,CAR,TE,5,O,,@CLE,Sun 01:00PM EST,,OPEN,675,124,0.0,0.0,0.0,,,,,,,,,,,,29932,,1326628
676,Carter Runyon,LVR,TE,13,IR,,@NO,Sun 04:25PM EST,,FIXED,676,125,0.0,0.0,0.0,,,,,,,,,13.0,,,30679,,
677,Will Mallory,IND,TE,13,IR,,HOU,Sun 01:00PM EST,,RETRACTABLE,677,126,0.0,0.0,0.0,,,,,,,,,,,,29323,,1121873
678,Moliki Matavao,NO,TE,8,IR,,LVR,Sun 04:25PM EST,,FIXED,678,127,0.0,0.0,0.0,,,,,,,,,35.0,,,30542,,1286173
679,Tyler Conklin,DET,TE,6,O,,NYJ,Sun 01:00PM EST,,FIXED,679,128,0.0,0.0,0.0,1.1,,6.0,0.0,0.0,,1.0,6.0,17.0,,4.3,5154,60451,861278
680,Kylen Granson,TEN,TE,9,O,,@NYG,Sun 01:00PM EST,,OPEN,680,129,0.0,0.0,0.0,5.0,,30.0,0.0,0.0,,5.0,,38.5,,10.2,28132,71143,921050
681,Nikola Kalinic,CHI,TE,10,IR,,PHI,Mon 08:15PM EST,,OPEN,681,130,0.0,0.0,0.0,0.0,,0.0,0.0,0.0,,0.0,,0.0,,,28596,,1166045
682,Grant Calcaterra,PHI,TE,10,IR,,@CHI,Mon 08:15PM EST,,OPEN,682,131,0.0,0.0,0.0,9.1,,21.0,1.0,0.0,,3.0,,44.0,,10.7,28799,86682,976221
683,Julian Hill,NE,TE,11,IR,,@JAX,Sun 01:00PM EST,,OPEN,683,132,0.0,0.0,0.0,1.3,,8.0,0.0,0.0,,1.0,,61.0,,2.9,29601,,1123630
684,Ben Yurosek,MIN,TE,6,IR,,@TB,Sun 04:05PM EST,,OPEN,684,133,0.0,0.0,0.0,1.4,,9.0,0.0,0.0,,1.0,,39.0,,3.8,30662,,1216808
685,Luke Musgrave,GB,TE,11,IR,,ATL,Thu 08:15PM EST,,OPEN,685,134,0.0,0.0,0.0,,,,,,,,,4.0,,,29203,,1179790
686,Jake Tonges,SF,TE,8,IR,,ARI,Sun 04:05PM EST,,OPEN,686,135,0.0,0.0,0.0,,,,,,,,,6.0,,,28931,91467,1068872
687,Chig Okonkwo,WAS,TE,7,O,DNP-DNP-DNP,SEA,Sun 01:00PM EST,,OPEN,687,136,0.0,0.0,0.0,1.9,1.4,9.0,0.0,0.0,,4.0,,68.0,,9.7,28745,88297,1106374
688,Treyton Welch,NO,TE,8,O,,LVR,Sun 04:25PM EST,,FIXED,688,137,0.0,0.0,0.0,0.0,,0.0,0.0,0.0,,0.0,,,,,31028,,
689,Mason Taylor,NYJ,TE,13,O,DNP-DNP-DNP,@DET,Sun 01:00PM EST,,FIXED,689,138,0.0,0.0,0.0,1.0,,-2.0,0.0,0.0,,3.0,46.0,56.0,,6.8,30338,,1381263
690,David Njoku,LAC,TE,7,IR,,@BUF,Sun 01:00PM EST,,OPEN,690,139,0.0,0.0,0.0,4.9,6.9,33.5,0.0,0.0,3.0,4.0,16.0,35.5,27.3,22.0,4601,55335,832098
691,Dallas Goedert,PHI,TE,10,O,DNP-DNP-DNP,@CHI,Mon 08:15PM EST,,OPEN,691,140,0.0,0.0,0.0,11.3,20.8,40.5,1.0,0.0,2.0,3.5,25.0,60.0,10.5,10.1,5046,83074,791365
692,Charlie Kolar,LAC,TE,7,O,DNP-DNP-DNP,@BUF,Sun 01:00PM EST,,OPEN,692,141,0.0,0.0,0.0,1.8,3.6,10.5,0.0,0.0,3.0,1.5,62.0,47.3,7.1,3.5,28730,85635,1058648
693,Eli Raridon,NE,TE,11,O,LP-DNP-DNP,@JAX,Sun 01:00PM EST,,OPEN,693,142,0.0,0.0,0.0,5.1,3.2,16.0,0.5,0.0,1.0,1.0,20.0,37.0,9.1,5.8,31777,,
