Rank (Overall rank based on Gridiron AI predicted points.),Name,Team,Pos.,Bye,Injury,Value (How valuable a player is overall taking into account both projected points and how difficult it is to find a replacement player at their position.),Pos. Rank (Rank sorted by position and based on Gridiron AI predicted points.),Expected Points (Expected fantasy points based on the selected scoring settings.),Downside Points (Downside fantasy points based on the selected scoring settings.),Upside Points (Upside fantasy points based on the selected scoring settings.),"3-G Points (The average points scored over the last three games excluding games where the player was inactive due to bye week, suspension, or injury.)","3-G Point Spread (The difference between max and min points in the last 3 weeks ignoring bye weeks, injuries, and suspensions. Requires the player to have been active in at least two of the last three games.)","3-G Yards (Average sum of passing, rushing, and receiving yards over the past three weeks. Skip BYE weeks, injuries, and suspensions.)","3-G TDs (Average sum of passing, rushing, and receiving touchdowns over the past three weeks. Skip BYE weeks, injuries, and suspensions.)","3-G Turnovers (Average sum of fumbles and interceptions over the past three weeks. Skip BYE weeks, injuries, and suspensions.)","LG Touches (Sum of passing attempts, rushing attempts, and targets last week.)","3-G Touches (Average sum of passing attempts, rushing attempts, and targets over the past three weeks. Skip BYE weeks, injuries, and suspensions.)",LG Snap % (Percent of snaps the player was on the field last week.),"3-G Snap % (Average percent of snaps the player was on the field over the past three weeks. Skip BYE weeks, injuries, and suspensions.)",LG Touch % (Percent of snaps last week the player accrued a touch when they were on the field for the play.),"3-G Touch % (Average percent of snaps over the past three weeks the player accrued a touch when they were on the field for the play. Skip BYE weeks, injuries, and suspensions.)",Gridiron ID (The Gridiron AI player ID),FanDuel ID (The FanDuel player ID),DraftKings ID (The DraftKings player ID)
1,Josh Allen,BUF,QB,7,,20,1,309.9,203.5,418.7,15.0,16.3,218.0,1.0,1.0,,34.0,1.0,67.0,,53.6,5005,62239,868199
2,Bo Nix,DEN,QB,10,O,25,2,294.7,200.3,354.9,15.1,8.9,259.0,1.0,1.0,31.0,43.0,100.0,100.0,52.5,65.0,29884,,1161899
3,Jalen Hurts,PHI,QB,10,,27,3,291.2,185.9,368.1,14.1,10.5,170.0,1.5,0.5,,33.5,,97.0,,55.9,27496,69531,913271
4,Caleb Williams,CHI,QB,10,,32,4,275.3,153.0,335.4,20.2,6.4,280.3,2.0,0.3,34.0,39.3,100.0,100.0,61.8,63.6,29989,,1286445
5,Drake Maye,NE,QB,11,,34,5,275.0,138.8,366.1,24.0,16.7,305.0,2.7,1.0,23.0,33.7,76.0,85.0,51.1,56.8,29991,,1286803
6,Jared Goff,DET,QB,6,,38,6,271.4,202.9,323.4,14.6,24.5,297.7,1.7,2.0,42.0,43.0,100.0,100.0,57.5,60.6,4460,38435,727837
7,Lamar Jackson,BAL,QB,13,,39,7,270.8,141.8,363.4,12.6,15.7,177.5,1.5,0.5,22.0,17.0,100.0,73.5,43.1,44.7,5029,63115,877745
8,Joe Burrow,CIN,QB,6,,40,8,270.4,120.8,330.1,23.5,8.6,291.7,3.0,0.3,41.0,36.3,99.0,90.7,61.2,58.7,27444,63336,878785
9,Baker Mayfield,TB,QB,10,,49,9,245.8,187.4,299.9,14.5,4.7,263.3,1.3,2.3,26.0,34.3,100.0,100.0,38.8,51.9,4999,41535,748070
10,Matthew Stafford,LA,QB,11,,53,10,238.7,135.4,296.3,23.4,18.1,331.3,3.0,1.0,41.0,43.3,96.0,98.7,56.9,56.9,566,6654,323205
11,Jahmyr Gibbs,DET,RB,6,,3,1,238.1,79.7,327.2,14.0,13.4,81.7,0.7,0.7,24.0,21.3,71.0,75.3,46.2,41.0,29173,,1214154
12,Justin Herbert,LAC,QB,7,,57,11,234.3,184.5,314.0,22.7,15.1,307.5,2.0,2.0,,37.5,,100.0,,59.0,27449,69189,910562
13,Sam Darnold,SEA,QB,11,,61,12,230.1,145.6,277.2,11.5,13.4,211.0,1.0,1.7,32.0,33.0,100.0,100.0,46.4,48.8,5001,63589,880026
14,Bijan Robinson,ATL,RB,11,,4,2,228.7,82.1,320.7,23.2,31.6,146.7,1.0,0.0,18.0,25.0,84.0,77.7,34.0,51.8,29169,,1228244
15,Ja'Marr Chase,CIN,WR,6,,1,1,216.8,104.0,297.8,18.8,6.1,88.3,1.0,0.0,10.0,10.0,100.0,88.0,14.7,16.9,28010,85701,1109979
16,Amon-Ra St. Brown,DET,WR,6,,2,2,216.3,106.4,277.7,12.5,12.0,87.0,0.0,0.0,15.0,12.3,95.0,91.7,21.7,19.6,28117,86997,1127106
17,De'Von Achane,MIA,RB,6,D,8,3,215.3,82.6,315.3,14.6,3.8,101.0,0.5,0.0,,19.5,,73.0,,47.0,29245,,1231820
18,Jaxson Dart,NYG,QB,8,,69,13,212.8,56.7,337.4,15.2,25.1,185.7,1.3,0.7,37.0,30.3,100.0,100.0,49.3,45.7,30321,,1286260
19,James Cook,BUF,RB,7,,11,4,212.2,65.5,258.6,11.9,24.4,75.3,0.7,0.0,2.0,14.7,3.0,36.7,100.0,75.3,28666,91626,1131012
20,Ashton Jeanty,LVR,RB,13,,12,5,209.6,97.1,342.2,16.8,23.0,118.3,0.7,0.0,31.0,25.0,97.0,90.3,51.7,47.1,30302,,1379646
21,Dak Prescott,DAL,QB,14,,75,14,209.5,155.9,284.6,14.2,21.9,219.3,1.3,0.3,13.0,28.7,51.0,80.7,46.4,50.5,4246,31716,591816
22,C.J. Stroud,HOU,QB,8,,80,15,205.6,131.7,261.7,14.2,5.8,201.7,1.7,1.0,25.0,32.0,65.0,88.3,56.8,55.3,29163,,1214084
23,Puka Nacua,LA,WR,11,,5,3,202.3,114.4,287.5,24.9,27.3,124.0,1.3,0.0,13.0,13.0,69.0,73.7,25.0,22.7,29338,,1162128
24,Christian McCaffrey,SF,RB,8,,15,6,200.3,38.4,333.4,21.5,20.9,128.0,1.0,0.0,15.0,24.3,86.0,83.7,41.7,48.0,4669,55050,830517
25,Ladd McConkey,LAC,WR,7,,6,4,199.5,88.2,224.6,8.0,8.7,37.0,0.5,0.0,,4.0,,82.0,,8.1,30009,,1218643
26,Josh Jacobs,GB,RB,11,,16,7,197.9,67.1,264.9,2.3,3.0,25.5,0.0,0.5,,9.5,,33.5,,44.2,27024,72731,944416
27,Jordan Love,GB,QB,11,,85,16,197.9,140.7,263.2,3.8,,84.0,0.0,1.0,,15.0,,36.0,,57.7,27469,69017,912137
28,Jonathan Taylor,IND,RB,13,,19,8,196.6,72.8,302.9,12.1,11.0,67.3,0.7,0.0,16.0,20.7,52.0,76.3,47.1,45.3,27484,89675,1065406
29,Kyren Williams,LA,RB,11,,21,9,195.8,66.4,241.4,11.4,4.9,98.7,0.0,0.0,17.0,20.7,63.0,68.3,36.2,38.5,28766,104433,1167361
30,Trevor Lawrence,JAX,QB,7,,86,17,195.1,115.9,311.0,25.9,8.0,284.7,3.0,0.3,32.0,39.7,82.0,94.0,64.0,63.1,28006,89951,1110711
31,Derrick Henry,BAL,RB,13,,22,10,193.8,44.9,290.0,27.0,33.0,156.7,2.0,0.3,21.0,25.0,71.0,59.3,58.3,69.4,4232,39280,732145
32,Brian Thomas Jr.,JAX,WR,7,,7,5,192.6,62.4,258.0,5.0,3.6,35.3,0.0,0.0,5.0,5.0,57.0,69.3,14.3,11.1,30002,,1286064
33,Jaxon Smith-Njigba,SEA,WR,11,,9,6,191.0,100.6,274.1,14.2,8.2,84.0,0.3,0.0,8.0,11.0,83.0,89.3,14.0,18.1,29181,,1214087
34,George Pickens,DAL,WR,14,,10,7,190.5,94.2,255.1,11.2,21.1,72.3,0.3,0.0,3.0,5.7,45.0,73.3,12.0,11.9,28656,110246,1172053
35,Brock Purdy,SF,QB,8,,89,18,190.5,100.4,295.8,24.3,31.7,261.7,3.3,1.3,29.0,34.7,100.0,98.3,69.0,60.1,28863,85607,1121761
36,Zay Flowers,BAL,WR,13,,13,8,185.7,114.3,240.1,18.8,16.8,90.0,1.3,0.3,6.0,6.3,98.0,85.0,12.0,12.6,29183,,1177053
37,Cam Ward,TEN,QB,9,,93,19,185.6,90.0,282.8,14.7,8.8,187.0,1.7,0.3,5.0,26.3,9.0,69.7,100.0,66.9,30297,,1228691
38,Aaron Rodgers,PIT,QB,9,,95,20,183.6,98.1,268.6,13.5,10.4,254.3,0.7,0.3,48.0,43.7,100.0,100.0,64.0,60.9,862,6894,213957
39,Breece Hall,NYJ,RB,13,O,28,11,183.1,81.8,232.1,13.6,12.6,96.0,0.5,0.0,,18.0,,56.0,,51.0,28640,103064,1162537
40,TreVeyon Henderson,NE,RB,11,,29,12,180.7,74.9,276.0,9.1,15.6,49.0,0.7,0.0,13.0,12.7,41.0,37.3,54.2,51.0,30334,,1287837
41,CeeDee Lamb,DAL,WR,14,,14,9,179.9,83.2,246.0,5.4,7.2,33.7,0.0,0.0,1.0,6.0,45.0,72.7,4.0,10.2,27460,86631,1062020
42,D'Andre Swift,CHI,RB,10,,30,13,179.6,63.5,241.4,11.4,15.6,65.7,0.7,0.0,12.0,13.0,58.0,57.3,37.5,37.1,27478,91598,1069808
43,Geno Smith,NYJ,QB,13,,98,21,178.1,125.2,260.4,10.6,6.9,189.0,1.5,1.5,,26.0,,95.0,,48.7,3052,26483,513856
44,Drake London,ATL,WR,11,Q,18,10,176.7,88.5,225.8,7.0,14.9,36.3,0.3,0.0,8.0,6.0,94.0,87.0,13.6,10.8,28612,112745,1178741
45,Saquon Barkley,PHI,RB,10,,35,14,174.4,55.0,246.6,13.0,12.4,100.0,0.5,0.0,,21.0,,78.5,,43.4,26432,64401,883302
46,Justin Jefferson,MIN,WR,6,,23,11,169.1,80.2,224.7,10.3,9.4,73.0,0.0,0.0,12.0,8.3,76.0,89.7,23.5,15.6,27465,85671,1069535
47,Nico Collins,HOU,WR,8,O,26,12,167.1,78.3,205.3,7.6,0.7,58.0,0.0,0.0,,6.5,,74.0,,13.2,28094,91419,1074698
48,Trey McBride,ARI,TE,14,,17,1,159.5,96.7,225.4,11.1,13.9,56.0,0.3,0.0,8.0,9.7,95.0,95.7,15.4,17.8,28659,91750,1108161
49,Tetairoa McMillan,CAR,WR,5,,31,13,159.1,91.9,230.2,9.3,15.3,54.3,0.3,0.0,6.0,6.7,88.0,86.0,13.3,14.6,30304,,1380576
50,Travis Etienne,NO,RB,8,,48,15,158.7,72.4,232.3,9.7,10.3,65.3,0.3,0.0,15.0,18.7,56.0,65.3,44.1,42.9,28030,89956,978577
51,Kenneth Walker III,KC,RB,5,,50,16,156.4,51.0,240.6,15.3,17.2,118.0,0.3,0.3,20.0,17.0,42.0,44.3,69.0,56.8,28645,103342,1164402
52,Chris Olave,NO,WR,8,,37,14,155.5,85.8,207.0,26.9,9.9,133.5,1.5,0.0,,13.5,,84.5,,24.3,28615,87770,1122592
53,J.J. McCarthy,MIN,QB,6,,110,22,154.3,32.4,225.6,8.2,0.3,158.5,0.5,1.0,25.0,20.5,64.0,58.0,58.1,54.0,29996,,1287599
54,Chase Brown,CIN,RB,6,,54,17,152.2,67.7,218.7,25.2,13.9,113.3,2.0,0.0,19.0,20.0,56.0,59.3,50.0,48.8,29324,,1123379
55,Travis Kelce,KC,TE,5,,24,2,151.3,98.7,197.1,3.3,5.0,18.0,0.0,0.3,6.0,5.3,80.0,85.3,11.8,12.5,3402,33076,448240
56,A.J. Brown,NE,WR,11,,41,15,150.1,76.6,201.1,11.7,4.7,81.5,0.0,0.0,,9.5,,88.0,,17.1,27100,72846,944826
57,Jacoby Brissett,ARI,QB,14,,113,23,148.3,65.7,222.1,14.2,5.9,227.3,1.7,1.0,34.0,34.3,100.0,100.0,61.8,60.9,4295,30231,607047
58,Michael Pittman,PIT,WR,9,,42,16,148.0,73.4,178.9,3.3,3.1,19.7,0.0,0.0,4.0,4.0,89.0,89.3,6.9,7.3,27477,,
59,Bryce Young,CAR,QB,5,,114,24,147.6,88.1,240.7,14.4,8.8,185.7,1.7,1.0,37.0,35.3,100.0,100.0,72.5,67.2,29162,,1213257
60,Jameson Williams,DET,WR,6,,43,17,145.8,81.5,209.3,8.2,5.7,60.3,0.0,0.0,8.0,6.7,95.0,91.0,11.6,10.1,28616,111631,1175184
61,RJ Harvey,DEN,RB,10,,63,18,145.4,49.1,246.2,13.3,16.3,76.7,0.7,0.0,19.0,17.0,56.0,60.0,57.6,43.7,30356,,1172401
62,Emeka Egbuka,TB,WR,10,,45,18,143.8,74.2,219.8,3.1,3.2,22.7,0.0,0.0,3.0,3.3,58.0,57.3,7.7,8.7,30315,,1287825
63,Jaylen Waddle,DEN,WR,10,,46,19,143.7,71.8,204.7,5.2,9.0,39.5,0.0,0.5,,5.5,,48.0,,17.9,28011,90573,1125749
64,DeVonta Smith,PHI,WR,10,,47,20,143.7,89.4,191.3,7.8,9.7,39.7,0.3,0.0,4.0,5.7,14.0,61.7,44.4,22.9,28015,90576,1060262
65,George Kittle,SF,TE,8,,33,3,139.7,91.5,188.0,13.2,15.6,72.0,0.5,0.0,7.0,7.5,95.0,78.5,17.5,18.5,4667,39793,733672
66,DJ Moore,BUF,WR,7,,52,21,138.5,92.9,184.9,7.4,18.2,42.3,0.3,0.0,3.0,5.0,85.0,90.7,6.4,8.7,5022,63043,877790
67,Kyle Pitts,ATL,TE,11,Q,36,4,138.3,77.0,193.6,8.9,12.6,43.7,0.3,0.0,9.0,7.0,92.0,90.3,15.5,11.7,28009,86080,1123026
68,Tyler Shough,NO,QB,8,,118,25,136.2,35.5,225.9,20.3,4.8,316.0,1.7,0.7,38.0,40.0,100.0,98.3,55.9,60.5,30336,,1110306
69,Xavier Worthy,KC,WR,5,O,55,22,136.0,33.3,199.0,2.6,5.0,21.0,0.0,0.0,,4.0,,81.5,,11.2,30006,,1326638
70,Rico Dowdle,PIT,RB,9,,73,19,135.2,51.1,204.8,5.4,5.8,45.3,0.0,0.3,9.0,13.7,53.0,58.0,33.3,43.9,27854,72297,933480
71,Omarion Hampton,LAC,RB,7,,74,20,135.0,37.1,274.9,16.0,0.0,77.5,1.0,0.0,,20.0,,68.0,,47.2,30318,,1398572
72,Alec Pierce,IND,WR,13,,58,23,134.3,45.8,199.4,16.6,27.2,72.7,1.3,0.0,7.0,5.3,68.0,85.3,15.9,10.8,28657,86312,1107027
73,DK Metcalf,PIT,WR,9,,59,24,133.3,62.9,191.8,6.2,,42.0,0.0,0.0,,9.0,,88.0,,13.8,27092,73048,945633
74,Tee Higgins,CIN,WR,6,,60,25,133.2,61.0,185.7,12.1,7.8,59.7,0.7,0.0,9.0,5.7,87.0,68.7,15.3,11.5,27476,89981,978579
75,Terry McLaurin,WAS,WR,7,,65,26,128.9,54.0,187.0,7.8,2.0,57.7,0.0,0.0,4.0,5.0,70.0,79.7,8.3,11.9,27017,56250,836116
76,Jaylen Warren,PIT,RB,9,,83,21,128.8,49.4,201.7,15.6,21.7,104.7,0.7,0.3,19.0,15.7,37.0,39.3,67.9,56.5,28972,112057,1176443
77,Bucky Irving,TB,RB,10,,84,22,128.6,28.2,222.0,7.7,4.5,67.3,0.0,0.0,28.0,20.7,63.0,59.7,66.7,52.0,29791,,1287923
78,Colston Loveland,CHI,TE,10,,44,5,126.7,70.8,179.9,14.3,15.6,71.7,0.7,0.0,13.0,9.3,91.0,85.3,26.0,18.0,30306,,1378821
79,Rome Odunze,CHI,WR,10,Q,67,27,126.4,37.7,184.5,,,,,,,,,,,,29995,,1213727
80,Courtland Sutton,DEN,WR,10,,70,28,123.7,69.3,189.1,8.2,16.6,43.7,0.3,0.0,2.0,8.0,78.0,84.7,4.3,13.5,5037,57403,838878
81,Quentin Johnston,LAC,WR,7,,71,29,123.2,57.8,185.6,15.3,6.1,101.0,0.5,0.0,,6.5,,66.5,,15.2,29182,,1213865
82,Michael Wilson,ARI,WR,14,,76,30,121.9,53.3,176.1,16.0,6.2,80.0,1.0,0.0,8.0,7.0,93.0,88.3,15.7,14.1,29255,,1123529
83,Jakobi Meyers,JAX,WR,7,,77,31,121.8,55.0,168.7,6.1,2.0,43.0,0.0,0.3,6.0,8.0,79.0,86.3,12.5,13.8,27189,63634,880151
84,Hunter Henry,NE,TE,11,,51,6,121.4,78.7,148.4,11.0,4.4,46.7,0.7,0.0,5.0,5.0,58.0,68.0,14.7,11.1,4194,40845,744425
85,Jordan Addison,MIN,WR,6,,79,32,120.6,39.1,194.5,5.8,11.2,33.0,0.3,0.0,3.0,2.7,93.0,79.3,4.8,5.6,29184,,1214250
86,Parker Washington,JAX,WR,7,,82,33,118.4,47.0,166.8,18.7,8.0,114.0,0.7,0.0,9.0,10.0,74.0,70.3,20.0,21.7,29346,,1229074
87,Tyler Warren,IND,TE,13,,56,7,118.1,58.5,161.1,5.5,2.3,33.0,0.0,0.0,8.0,7.3,82.0,85.3,15.1,14.1,30310,,1229083
88,Tyrone Tracy Jr.,NYG,RB,8,,97,23,117.2,40.1,176.3,13.1,17.2,98.0,0.3,0.3,27.0,20.3,69.0,65.7,51.9,47.1,29917,,1109708
89,Dalton Schultz,HOU,TE,8,,62,8,114.6,77.1,139.4,8.2,8.6,42.3,0.3,0.3,4.0,4.3,56.0,68.3,10.5,9.7,5134,55042,830523
90,Juwan Johnson,NO,TE,8,,64,9,113.3,71.1,154.8,10.0,7.3,81.7,0.0,0.3,5.0,6.0,75.0,70.7,9.8,12.6,27919,64808,884609
91,Jauan Jennings,MIN,WR,6,,88,34,113.3,45.1,169.9,10.8,10.1,49.3,0.7,0.0,6.0,5.3,88.0,86.7,16.2,11.2,27659,61593,867009
92,Marcus Mariota,WAS,QB,7,,131,26,110.8,16.4,201.1,3.8,,94.0,0.0,0.0,,15.0,,59.0,,46.9,3870,29358,607843
93,Mike Evans,SF,WR,8,,90,35,110.5,39.2,169.3,8.9,7.2,32.0,0.7,0.0,2.0,6.0,75.0,72.0,4.0,13.1,3468,32384,593587
94,Tony Pollard,TEN,RB,9,,100,24,110.5,34.1,176.5,9.6,2.5,87.3,0.0,0.3,17.0,19.3,63.0,56.0,50.0,52.2,27039,63759,880398
95,Troy Franklin,DEN,WR,10,Q,92,36,109.6,54.6,176.2,4.1,8.6,27.7,0.0,0.0,1.0,3.3,42.0,48.0,4.0,10.2,30038,,1286176
96,Jake Ferguson,DAL,TE,14,,66,10,108.9,67.3,138.4,3.8,6.1,10.0,0.3,0.0,2.0,2.7,60.0,52.7,6.1,7.8,28731,89680,1065361
97,Romeo Doubs,NE,WR,11,,94,37,108.7,47.1,183.1,12.3,9.2,73.0,0.5,0.0,,4.5,,59.5,,12.2,28734,94370,1122653
98,Cade Otton,TB,TE,10,,68,11,107.3,55.8,132.9,8.9,16.4,47.3,0.3,0.0,9.0,5.0,96.0,95.7,14.1,7.9,28709,86811,1049263
99,Aaron Jones,MIN,RB,6,O,105,25,107.0,30.5,172.1,12.1,3.5,78.0,0.5,0.0,,23.0,,64.5,,62.2,4769,40442,741314
100,Harold Fannin Jr.,CLE,TE,11,O,72,12,105.6,56.4,153.7,13.8,7.5,32.5,1.5,0.0,,4.5,,54.5,,14.5,30363,,1394752
101,Davante Adams,LA,WR,11,,99,38,105.1,63.7,208.0,,,,,,,,,,,,3535,45889,611417
102,Alvin Kamara,NO,RB,8,,106,26,104.1,38.2,189.2,,,,,,,,,,,,4681,42104,750846
103,Dallas Goedert,PHI,TE,10,,78,13,103.4,75.9,144.6,9.5,2.4,20.0,1.0,0.0,,4.5,,83.5,,9.4,5046,83074,791365
104,Mark Andrews,BAL,TE,13,,81,14,101.2,57.3,138.3,3.5,2.4,22.0,0.0,0.0,3.0,3.7,59.0,48.0,10.0,13.2,5083,52436,820699
105,Tre Tucker,LVR,WR,13,,101,39,100.8,44.8,160.5,6.4,3.0,45.7,0.0,0.0,7.0,7.3,98.0,99.3,11.5,12.7,29261,,1164979
106,AJ Barner,SEA,TE,11,,87,15,96.7,59.4,124.6,9.1,10.6,35.7,0.7,0.0,3.0,4.3,61.0,78.0,7.1,7.9,29903,,1229503
107,Jerry Jeudy,CLE,WR,11,,107,40,94.5,38.4,184.1,4.6,5.2,29.3,0.0,0.0,7.0,6.0,88.0,85.0,15.2,12.6,27458,90561,973935
108,Jayden Higgins,HOU,WR,8,,108,41,93.1,33.7,161.7,9.1,13.6,42.7,0.7,0.0,5.0,4.0,81.0,61.3,9.1,10.1,30330,,1274492
109,Dalton Kincaid,BUF,TE,7,,91,16,92.4,65.4,141.8,3.1,6.3,24.0,0.0,0.0,3.0,2.0,13.0,25.5,30.0,17.6,29186,,1135513
110,Khalil Shakir,BUF,WR,7,,112,42,90.8,43.4,165.7,6.0,1.1,34.5,0.0,0.0,,6.0,,63.0,,16.4,28750,86518,1130603
111,Woody Marks,HOU,RB,8,,117,27,90.0,28.6,195.1,6.9,2.2,61.5,0.0,0.0,13.0,17.0,46.0,57.0,41.9,44.8,30411,,1231652
112,T.J. Hockenson,MIN,TE,6,O,96,17,89.9,45.6,125.5,0.7,,2.0,0.0,0.0,,1.0,,75.0,,2.2,26931,71706,923915
113,Javonte Williams,DAL,RB,14,O,121,28,84.9,41.4,138.9,8.3,6.1,48.5,0.5,0.0,,13.5,,42.0,,48.2,28040,93541,1107881
114,Elic Ayomanor,TEN,WR,9,,115,43,84.8,39.4,163.9,8.5,5.2,48.3,0.3,0.0,10.0,7.0,94.0,77.0,19.6,13.7,30431,,1395319
115,Christian Watson,GB,WR,11,,116,44,84.6,26.4,167.1,11.2,17.1,65.0,0.5,0.0,,6.0,,62.0,,17.0,28638,169776,1067918
116,Theo Johnson,NYG,TE,8,O,102,18,83.2,50.8,121.6,0.0,,0.0,0.0,0.0,,2.0,,96.0,,3.7,30042,,1214414
117,Brenton Strange,JAX,TE,7,,103,19,82.7,46.9,128.7,11.2,7.3,48.3,0.7,0.0,6.0,6.0,62.0,72.3,15.8,12.7,29222,,1164940
118,Oronde Gadsden II,LAC,TE,7,,104,20,81.8,42.5,130.7,5.1,9.5,20.7,0.3,0.0,2.0,3.0,46.0,59.3,6.1,7.2,30460,,
119,Josh Downs,IND,WR,13,,119,45,80.7,17.9,161.5,7.3,4.9,52.7,0.0,0.0,5.0,6.7,63.0,67.3,12.2,15.9,29240,,1215077
120,Jeremiyah Love,ARI,RB,14,,123,29,80.7,39.7,121.7,,,,,,,,,,,,31428,,
121,Jayden Reed,GB,WR,11,,120,46,78.8,29.3,147.4,5.8,0.5,41.0,0.0,0.0,,4.0,16.0,43.7,,12.7,29211,,1123398
122,Ricky Pearsall,SF,WR,8,Q,122,47,76.0,20.9,148.8,11.0,,85.0,0.0,0.0,,8.0,,81.0,,13.8,30007,,1161416
123,Evan Engram,DEN,TE,10,,109,21,75.6,33.1,127.1,4.9,1.9,34.0,0.0,0.0,4.0,4.0,39.0,38.0,17.4,16.5,4679,41872,749185
124,Pat Freiermuth,PIT,TE,9,,111,22,74.1,50.3,114.8,6.1,3.8,44.7,0.0,0.0,5.0,4.7,69.0,60.7,9.6,11.0,28060,86244,1116662
125,Kayshon Boutte,HOU,WR,8,,125,48,73.3,16.4,153.0,2.8,1.3,20.0,0.0,0.0,4.0,3.5,58.0,58.0,11.8,9.4,29348,,1213362
126,Rachaad White,WAS,RB,7,,132,30,72.7,22.3,115.9,4.9,4.3,39.3,0.0,0.0,9.0,6.7,33.0,40.0,40.9,27.1,28694,137902,1229343
127,Malik Nabers,NYG,WR,8,,126,49,72.5,21.0,118.9,,,,,,,,,,,,29915,,1286059
128,Ryan Flournoy,DAL,WR,14,,127,50,72.3,16.8,107.8,9.1,0.5,43.0,0.5,0.0,7.0,4.5,87.0,63.5,14.6,11.6,29814,,1393832
129,KC Concepcion,CLE,WR,11,,128,51,70.5,36.9,104.1,,,,,,,,,,,,31922,,
130,Chris Godwin Jr.,TB,WR,10,,129,52,70.1,24.3,133.4,9.0,19.0,48.7,0.3,0.0,1.0,5.0,70.0,71.0,2.1,10.6,4724,55635,835127
131,Quinshon Judkins,CLE,RB,11,,137,31,69.3,23.0,111.7,7.6,,51.0,0.0,0.0,,14.0,,39.0,,53.8,30332,,1383807
132,Isiah Pacheco,DET,RB,6,,138,32,68.6,12.0,141.7,6.8,7.3,53.5,0.0,0.0,,12.0,,54.0,,52.8,28852,92575,1106832
133,Xavier Legette,CAR,WR,5,,133,53,67.1,13.9,137.5,2.1,2.9,12.3,0.0,0.0,4.0,2.7,31.0,50.3,25.0,12.3,29930,,1180321
134,Garrett Wilson,NYJ,WR,13,,135,54,66.5,25.0,100.4,,,,,,,,,,,,28614,103564,1164889
135,Jordyn Tyson,NO,WR,8,,136,55,65.8,32.8,99.4,,,,,,,,,,,,31430,,
136,Shedeur Sanders,CLE,QB,11,,189,27,65.1,2.7,180.3,8.6,6.1,183.0,0.7,1.7,25.0,28.3,100.0,99.3,48.1,50.3,30439,,1272321
137,Zach Charbonnet,SEA,RB,11,,145,33,64.5,20.5,109.5,18.6,11.8,91.0,1.3,0.0,21.0,18.0,57.0,55.3,53.8,48.4,29213,,1164530
138,Makai Lemon,PHI,WR,10,,139,56,63.7,30.0,97.3,,,,,,,,,,,,31279,,
139,Dylan Sampson,CLE,RB,11,,149,34,63.6,16.1,195.6,4.8,1.2,35.5,0.0,0.0,13.0,13.5,50.0,42.5,50.0,63.9,30421,,1399910
140,Rashod Bateman,BAL,WR,13,Q,140,57,63.3,8.8,126.0,0.6,1.2,3.5,0.0,0.0,,1.5,,61.0,,3.9,28032,85845,1108208
141,Marvin Harrison Jr.,ARI,WR,14,,141,58,63.2,18.0,101.5,0.9,1.9,7.0,0.0,0.0,,2.0,,42.0,,7.8,29992,,
142,Wan'Dale Robinson,TEN,WR,9,,142,59,62.9,42.2,100.3,10.2,13.1,67.5,0.0,0.0,,10.5,,86.5,,20.9,28647,103539,1164875
143,Isaac TeSlaa,DET,WR,6,,143,60,62.7,14.3,136.6,9.3,10.9,39.7,0.7,0.0,1.0,4.0,60.0,55.7,2.3,10.5,30366,,1441362
144,Carnell Tate,TEN,WR,9,,146,61,60.7,27.4,94.3,,,,,,,,,,,,31819,,
145,Kenny Gainwell,TB,RB,10,,158,35,59.7,19.4,99.4,14.7,16.0,80.0,0.7,0.0,14.0,13.7,67.0,63.0,28.0,30.8,28155,90912,1130705
146,Calvin Austin III,NYG,WR,8,,151,62,59.1,13.9,117.4,7.2,11.7,31.5,0.5,0.0,7.0,4.0,49.0,32.5,18.9,13.6,28740,90870,1062765
147,Michael Carter,TEN,RB,9,,159,36,59.1,13.0,133.1,5.7,1.2,49.0,0.0,0.0,10.0,11.3,53.0,50.0,34.5,40.6,28112,93539,976329
148,Tank Dell,HOU,WR,8,,152,63,58.9,16.6,81.7,,,,,,,,,,,,29230,,1128222
149,Rashid Shaheed,SEA,WR,11,,153,64,58.6,22.3,133.0,3.7,8.4,13.7,0.0,0.0,1.0,1.3,48.0,40.0,3.0,5.6,29028,170287,923412
150,Sam LaPorta,DET,TE,6,,124,23,57.5,38.6,79.3,,,,,,,,,,,,29195,,1168926
151,Blake Corum,LA,RB,11,,163,37,57.2,15.6,76.0,7.3,10.8,49.3,0.3,0.0,14.0,12.0,33.0,29.0,56.0,50.9,29842,,1229540
152,Jalen Coker,CAR,WR,5,,157,65,57.1,6.3,130.8,7.5,11.1,36.7,0.3,0.0,7.0,4.7,92.0,81.7,14.9,10.5,29928,,1218753
153,Jadarian Price,SEA,RB,11,,164,38,56.4,17.3,97.5,,,,,,,,,,,,31888,,
154,Chuba Hubbard,CAR,RB,5,,168,39,55.6,19.1,91.6,2.6,2.6,23.0,0.0,0.3,7.0,7.0,45.0,41.3,30.4,32.4,28131,87467,1062047
155,Cooper Kupp,SEA,WR,11,,162,66,55.3,22.9,141.2,2.8,2.8,24.7,0.0,0.3,3.0,3.3,77.0,86.0,5.7,5.7,4647,79970,698227
156,Darnell Mooney,NYG,WR,8,,166,67,53.5,14.7,147.2,3.8,1.1,26.3,0.0,0.0,7.0,4.0,83.0,74.3,13.5,8.4,27615,69777,912027
157,Pat Bryant,DEN,WR,10,,167,68,53.2,13.4,131.3,5.9,1.6,36.5,0.0,0.0,5.0,6.5,66.0,65.0,12.8,15.9,30370,,1305866
158,Kyle Monangai,CHI,RB,10,,174,40,53.1,20.2,85.6,6.8,7.4,56.3,0.0,0.0,7.0,10.7,42.0,42.7,30.4,39.9,30527,,1250886
159,Brock Bowers,LVR,TE,13,,130,24,52.6,36.5,81.8,11.8,,33.0,1.0,0.0,,5.0,,98.0,,9.4,29820,,1285917
160,Isaiah Bond,CLE,WR,11,,172,69,51.5,9.1,110.1,2.1,0.1,17.7,0.0,0.0,3.0,1.7,54.0,41.7,10.7,7.4,30590,,1398503
161,Darius Slayton,NYG,WR,8,,175,70,50.9,7.5,111.8,3.8,4.1,26.0,0.0,0.0,9.0,4.7,87.0,84.7,13.8,7.9,27089,63819,880557
162,Jacory Croskey-Merritt,WAS,RB,7,,177,41,50.9,18.8,77.1,11.3,19.6,53.0,1.0,0.0,13.0,10.7,36.0,40.0,52.0,54.7,30539,,1191186
163,Rhamondre Stevenson,NE,RB,11,,178,42,50.8,14.3,83.9,24.6,19.5,111.0,2.0,0.0,9.0,11.0,47.0,59.7,32.1,30.1,28125,111540,1174682
164,Patrick Mahomes,KC,QB,5,,222,28,50.8,21.8,347.4,,,,,,,,,,,,4951,57439,839031
165,Cedric Tillman,CLE,WR,11,,176,71,50.6,6.6,117.5,2.9,3.4,24.3,0.0,0.0,2.0,1.3,77.0,60.7,5.0,3.8,29235,,
166,David Montgomery,HOU,RB,8,,180,43,50.6,19.7,85.6,4.1,4.6,36.3,0.0,0.0,9.0,8.3,42.0,31.3,29.0,38.1,27109,73273,946739
167,Mike Gesicki,CIN,TE,6,,134,25,49.1,22.2,107.8,6.3,8.7,31.7,0.3,0.0,2.0,2.7,38.0,36.3,7.7,10.9,5039,56265,836152
168,Quinn Ewers,MIA,QB,6,,233,29,49.1,1.7,143.2,10.4,9.0,194.0,1.0,1.3,24.0,27.7,95.0,98.3,45.3,49.5,30525,,1333868
169,Kyle Williams,NE,WR,11,,182,72,48.0,9.2,100.5,5.2,11.1,23.7,0.3,0.0,1.0,3.0,46.0,56.3,3.7,7.8,30365,,1227157
170,Fernando Mendoza,LVR,QB,13,,236,30,47.9,20.7,300.7,,,,,,,,,,,,31935,,
171,Adonai Mitchell,NYJ,WR,13,,183,73,47.8,18.7,139.7,3.2,5.8,21.7,0.0,0.0,3.0,6.0,52.0,73.0,12.0,13.5,30020,,1285908
172,Jayden Daniels,WAS,QB,7,,244,31,46.3,11.7,305.3,,,,,,,,,,,,29990,,1161228
173,Chimere Dike,TEN,WR,9,,187,74,45.1,16.2,87.3,8.0,7.3,43.0,0.3,0.0,4.0,5.0,72.0,69.7,10.3,10.7,30398,,1215102
174,Jack Bech,LVR,WR,13,,188,75,45.0,7.9,120.4,2.6,5.3,21.5,0.0,0.0,2.0,2.5,58.0,65.0,5.6,6.7,30354,,1286046
175,Tucker Kraft,GB,TE,11,,144,26,44.5,29.1,71.7,,,,,,,,,,,,29239,,1181874
176,Rashee Rice,KC,WR,5,,190,76,43.8,17.9,85.0,,,,,,,,,,,,29216,,1173538
177,James Conner,ARI,RB,14,,195,44,43.8,8.5,87.8,,,,,,,,,,,,4603,40687,742390
178,J.K. Dobbins,DEN,RB,10,O,196,45,43.8,12.8,88.4,,,,,,,,,,,,27498,87787,976513
179,Nicholas Singleton,TEN,RB,9,,197,46,43.5,5.1,84.5,,,,,,,,,,,,31298,,
180,Jalen Nailor,LVR,WR,13,,192,77,43.4,10.8,108.6,2.1,6.4,16.3,0.0,0.0,3.0,2.0,75.0,60.0,6.0,5.2,28792,92859,1126817
181,Omar Cooper Jr.,NYJ,WR,13,,193,78,43.3,12.1,76.9,,,,,,,,,,,,31887,,
182,Kaytron Allen,WAS,RB,7,,199,47,43.1,4.3,84.2,,,,,,,,,,,,31497,,
183,Mason Taylor,NYJ,TE,13,,147,27,43.0,10.5,64.6,,,,,,,,,,,,30338,,1381263
184,Keon Coleman,BUF,WR,7,,194,79,43.0,6.1,74.5,5.9,,49.0,0.0,0.0,4.0,4.0,81.0,81.0,6.6,6.6,30008,,1322431
185,Chig Okonkwo,WAS,TE,7,,148,28,42.9,19.9,61.8,9.2,12.2,33.7,0.7,0.0,5.0,6.7,80.0,58.7,11.6,18.1,28745,88297,1106374
186,Luke Musgrave,GB,TE,11,,150,29,42.7,9.7,63.9,5.3,,38.0,0.0,0.0,,3.0,4.0,41.0,,5.5,29203,,1179790
187,Malik Washington,MIA,WR,6,,200,80,42.2,10.3,124.7,7.0,9.3,21.7,0.7,0.0,6.0,4.0,70.0,62.3,15.4,11.1,30054,,1173255
188,Kirk Cousins,LVR,QB,13,,257,32,42.0,28.6,185.4,12.1,8.7,167.0,1.7,1.0,35.0,32.0,100.0,100.0,55.6,49.0,2835,22038,403308
189,Greg Dulcich,MIA,TE,6,,154,30,41.0,16.7,76.9,7.7,10.2,42.7,0.3,0.3,4.0,4.7,52.0,39.0,13.8,22.1,28683,91931,1128085
190,Tyjae Spears,TEN,RB,9,,205,48,40.8,10.8,75.2,8.6,18.3,44.3,0.3,0.0,10.0,12.0,46.0,48.7,40.0,37.8,29242,,1169430
191,Kenyon Sadiq,NYJ,TE,13,,155,31,40.5,19.3,61.7,,,,,,,,,,,,31433,,
192,Jordan Mason,MIN,RB,6,,209,49,40.0,13.0,72.7,5.5,7.8,52.5,0.0,0.0,14.0,8.5,40.0,23.5,51.9,63.5,28927,86875,1116001
193,Tommy Tremble,CAR,TE,5,,156,32,39.9,13.6,61.3,4.5,10.2,16.7,0.3,0.0,4.0,2.0,90.0,70.0,8.7,5.1,28088,91101,1130555
194,De'Zhaun Stribling,SF,WR,8,,208,81,39.6,8.6,73.3,,,,,,,,,,,,31436,,
195,Tyler Allgeier,ARI,RB,14,,213,50,39.2,9.8,75.8,4.4,6.1,38.3,0.0,0.0,9.0,12.0,37.0,37.7,39.1,48.8,28753,90428,1131198
196,DeMario Douglas,NE,WR,11,,212,82,39.0,10.6,71.3,2.2,2.8,15.0,0.0,0.0,3.0,2.3,25.0,19.0,20.0,19.2,29371,,1175693
197,Jeremy Ruckert,NYJ,TE,13,,160,33,38.2,10.4,55.1,1.5,1.7,8.0,0.0,0.0,,3.0,60.0,62.7,,7.3,28704,87815,1122596
198,Andrei Iosivas,CIN,WR,6,,216,83,38.1,7.7,124.6,3.6,4.1,24.0,0.0,0.0,3.0,3.3,53.0,58.0,8.3,7.5,29367,,1124851
199,Michael Mayer,LVR,TE,13,,161,34,38.0,23.1,87.9,7.0,11.9,48.7,0.0,0.3,5.0,6.0,95.0,85.0,8.5,11.7,29196,,1232592
200,Zachariah Branch,ATL,WR,11,,217,84,37.6,7.5,71.3,,,,,,,,,,,,31445,,
201,Kyle Juszczyk,SF,RB,8,,218,51,37.6,10.0,63.5,4.7,7.4,9.5,0.5,0.0,2.0,2.0,45.0,51.3,10.5,7.8,2986,39428,501150
202,Demarcus Robinson,SF,WR,8,,219,85,37.5,6.8,75.4,5.7,5.4,25.7,0.3,0.0,4.0,2.7,88.0,55.7,10.8,8.6,4292,38264,727279
203,Jaydon Blue,DAL,RB,14,,221,52,37.1,2.3,135.1,12.4,,64.0,1.0,0.0,16.0,16.0,60.0,60.0,48.5,48.5,30444,,1378898
204,Dont'e Thornton Jr.,LVR,WR,13,,224,86,36.5,7.2,109.5,1.1,2.2,6.0,0.0,0.0,1.0,2.5,13.0,32.7,12.5,10.6,30403,,1286164
205,Gunnar Helm,TEN,TE,9,O,165,35,36.4,6.4,53.7,1.2,1.3,5.0,0.0,0.0,,2.5,,64.5,,5.2,30415,,1286438
206,Cam Skattebo,NYG,RB,8,,226,53,36.3,11.6,91.4,,,,,,,,,,,,30400,,1280316
207,Jonah Coleman,DEN,RB,10,,227,54,36.3,0.0,77.3,,,,,,,,,,,,31875,,
208,Kimani Vidal,LAC,RB,7,,230,55,36.1,10.6,71.7,1.4,0.6,10.5,0.0,0.0,4.0,4.5,20.0,26.5,28.6,26.2,29799,,1214824
209,John Metchie III,CAR,WR,5,,231,87,36.0,2.3,124.1,3.3,4.7,21.7,0.0,0.0,4.0,4.0,71.0,77.7,11.8,9.0,28648,102696,1160348
210,Colby Parkinson,LA,TE,11,,169,36,35.8,20.0,74.1,9.7,14.5,36.7,0.7,0.0,7.0,6.0,84.0,82.7,11.1,10.0,27576,89588,1060312
211,Audric Estimé,NO,RB,8,,232,56,35.8,2.0,58.5,11.5,11.2,80.0,0.3,0.0,26.0,16.7,84.0,72.7,45.6,34.1,29880,,1321291
212,Justin Fields,KC,QB,5,,274,33,35.8,13.8,224.9,,,,,,,,,,,,28016,91591,1110681
213,Antonio Williams,WAS,WR,7,,235,88,35.4,7.7,69.0,,,,,,,,,,,,31441,,
214,Dontayvion Wicks,PHI,WR,10,O,241,89,34.6,7.8,65.6,1.7,1.0,9.5,0.0,0.0,,1.5,,24.0,,20.0,29320,,1172428
215,Tez Johnson,TB,WR,10,,243,90,34.5,7.7,68.6,2.0,2.4,13.3,0.0,0.0,2.0,1.7,13.0,18.0,22.2,15.5,30529,,1214837
216,Eli Stowers,PHI,TE,10,,170,37,34.4,13.1,55.6,,,,,,,,,,,,31862,,
217,Chris Bell,MIA,WR,6,,245,91,34.3,6.6,68.0,,,,,,,,,,,,31900,,
218,David Njoku,LAC,TE,7,O,171,38,34.2,15.9,57.0,,,,,,,,,,,,4601,55335,832098
219,Emanuel Wilson,SEA,RB,11,,242,57,34.2,5.0,86.2,5.5,5.3,51.3,0.0,0.0,19.0,12.3,55.0,45.7,67.9,44.6,29615,,1447759
220,Cole Kmet,CHI,TE,10,,173,39,33.8,16.8,54.8,2.5,0.2,15.3,0.0,0.0,3.0,3.0,89.0,75.7,6.1,6.6,27486,91047,1066765
221,Matthew Golden,GB,WR,11,,248,92,33.6,8.6,75.5,1.1,1.3,8.0,0.0,0.0,3.0,3.0,100.0,61.3,5.9,10.5,30319,,1379267
222,Ted Hurst III,TB,WR,10,,254,93,32.4,3.5,66.1,,,,,,,,,,,,31449,,
223,Ray Davis,BUF,RB,7,,252,58,32.1,3.6,57.5,10.3,22.3,74.7,0.3,0.0,23.0,10.0,64.0,31.0,47.9,43.5,30047,,
224,Emmett Johnson,KC,RB,5,,253,59,31.9,3.9,72.9,,,,,,,,,,,,31419,,
225,Trey Benson,ARI,RB,14,,255,60,31.7,2.8,46.8,,,,,,,,,,,,30032,,1248031
226,Tanner Koziol,JAX,TE,7,,179,40,31.5,10.3,52.7,,,,,,,,,,,,31485,,
227,Samaje Perine,CIN,RB,6,,256,61,31.4,5.6,64.4,8.5,4.4,35.3,0.7,0.0,12.0,8.7,49.0,39.7,36.4,31.6,4742,52451,820734
228,Malachi Fields,NYG,WR,8,,261,94,31.2,3.5,64.9,,,,,,,,,,,,31443,,
229,Terrance Ferguson,LA,TE,11,,181,41,31.1,5.4,54.5,11.6,1.6,43.5,1.0,0.0,,4.0,,62.5,,9.1,30342,,1286179
230,Devin Singletary,NYG,RB,8,,259,62,31.1,6.2,85.4,10.3,9.8,47.3,0.7,0.0,9.0,11.0,32.0,33.3,37.5,52.6,26978,70603,916466
231,Mike Washington Jr.,LVR,RB,13,,260,63,30.4,0.0,71.5,,,,,,,,,,,,31290,,
232,Isaiah Williams,NYJ,WR,13,,266,95,29.9,1.1,99.1,5.0,1.0,28.0,0.0,0.0,7.0,5.7,52.0,66.0,28.0,16.6,29858,,1176432
233,Chris Brazzell II,CAR,WR,5,,267,96,29.8,3.7,63.4,,,,,,,,,,,,31448,,
234,Elijah Arroyo,SEA,TE,11,,184,42,29.7,3.0,45.4,,,,,,,,,,,,30346,,1286840
235,Skyler Bell,BUF,WR,7,,268,97,29.7,3.0,63.3,,,,,,,,,,,,31824,,
236,Bhayshul Tuten,JAX,RB,7,,263,64,29.6,4.5,69.9,8.3,,23.0,1.0,0.0,5.0,5.0,26.0,26.0,31.2,31.2,30399,,1327169
237,Devaughn Vele,NO,WR,8,,272,98,29.0,4.7,65.1,,,,,,,,,,,,29885,,1164788
238,Daniel Jones,IND,QB,13,,318,34,28.6,12.4,274.4,,,,,,,,,,,,27086,63519,879981
239,Ja'Kobi Lane,BAL,WR,13,,276,99,28.5,3.0,62.1,,,,,,,,,,,,31282,,
240,Ben Sinnott,WAS,TE,7,,185,43,28.4,5.2,47.0,2.2,3.4,12.3,0.0,0.0,2.0,2.7,55.0,61.7,5.3,8.5,30021,,1228920
241,Ty Simpson,LA,QB,11,,320,35,28.4,4.2,271.4,,,,,,,,,,,,31938,,
242,Isaiah Likely,NYG,TE,8,,186,44,28.2,11.6,53.2,2.8,4.2,19.7,0.0,0.0,2.0,1.7,49.0,53.0,8.0,4.6,28741,87260,1125111
243,Jaylin Noel,HOU,WR,8,,278,100,28.1,5.1,64.8,5.0,13.1,23.0,0.3,0.0,1.0,2.0,16.0,18.3,9.1,13.4,30375,,1286370
244,Denzel Boston,CLE,WR,11,,279,101,28.1,3.0,61.7,,,,,,,,,,,,31438,,
245,Caleb Douglas,MIA,WR,6,,280,102,28.1,3.0,61.8,,,,,,,,,,,,31898,,
246,Isaiah Davis,NYJ,RB,13,,271,65,28.0,3.5,57.4,5.2,5.5,40.0,0.0,0.0,,5.5,,24.5,,39.6,29889,,1271609
247,Marquise Brown,PHI,WR,10,,285,103,27.8,9.6,63.0,4.3,6.7,31.0,0.0,0.0,6.0,4.0,81.0,64.7,11.5,11.8,26946,86687,976220
248,Brady Cook,NYJ,QB,13,,325,36,27.7,4.3,124.2,5.7,5.4,136.7,0.3,1.0,25.0,32.0,100.0,100.0,52.1,54.4,30715,,
249,Calvin Ridley,TEN,WR,9,,289,104,27.1,6.1,65.5,,,,,,,,,,,,5024,64555,884013
250,Kevin Coleman Jr.,MIA,WR,6,,290,105,27.0,3.2,60.6,,,,,,,,,,,,31904,,
251,Seth McGowan,IND,RB,13,,281,66,26.8,0.0,67.8,,,,,,,,,,,,31526,,
252,Elijah Sarratt,BAL,WR,13,,294,106,26.8,3.0,60.4,,,,,,,,,,,,31288,,
253,Mack Hollins,NE,WR,11,,301,107,26.2,4.4,53.1,10.4,,69.0,0.0,0.0,,9.0,,66.0,,18.4,4641,25267,702808
254,Max Klare,LA,TE,11,,191,45,26.1,5.0,47.3,,,,,,,,,,,,31886,,
255,Lewis Bond,HOU,WR,8,,302,108,26.1,3.6,59.7,,,,,,,,,,,,31848,,
256,Brashard Smith,KC,RB,5,,288,67,26.0,4.3,85.8,5.2,7.1,22.3,0.3,0.0,16.0,7.0,53.0,28.3,47.1,42.1,30522,,1313668
257,Ty Johnson,BUF,RB,7,Q,291,68,25.5,6.7,60.3,10.8,12.3,40.0,1.0,0.0,15.0,9.0,33.0,34.3,60.0,36.6,27172,63050,877784
258,Jalen McMillan,TB,WR,10,,307,109,25.5,5.8,60.1,6.4,13.3,47.0,0.0,0.0,1.0,4.7,55.0,53.3,2.7,13.4,30036,,1213726
259,Tre Harris,LAC,WR,7,,308,110,25.5,5.8,65.9,4.4,5.4,32.3,0.0,0.0,6.0,4.3,97.0,62.7,8.7,10.9,30351,,1214633
260,Kyler Murray,MIN,QB,6,,340,37,25.4,5.4,241.8,,,,,,,,,,,,27161,63484,879799
261,Jake Tonges,SF,TE,8,,198,46,25.2,6.7,42.6,8.3,14.3,33.5,0.5,0.0,,5.5,0.0,31.0,,15.2,28931,91467,1068872
262,Xavier Hutchinson,HOU,WR,8,,314,111,25.2,7.4,51.5,5.2,10.0,39.0,0.0,0.0,9.0,5.0,79.0,58.7,16.7,11.9,29366,,1213636
263,Kaelon Black,SF,RB,8,,297,69,25.1,0.0,66.1,,,,,,,,,,,,31453,,
264,Chris Rodriguez Jr.,JAX,RB,7,,298,70,24.9,4.6,67.6,14.1,1.4,76.0,1.0,0.0,17.0,16.5,42.0,47.0,58.6,57.9,29354,,1113403
265,Adam Randall,BAL,RB,13,,299,71,24.9,0.0,65.9,,,,,,,,,,,,31300,,
266,Sam Roush,CHI,TE,10,,201,47,24.7,6.1,45.9,,,,,,,,,,,,31932,,
267,Josh Palmer,BUF,WR,7,,321,112,24.7,5.2,52.8,1.0,1.1,5.0,0.0,0.0,3.0,2.0,84.0,68.0,4.8,4.3,28082,,
268,Carsen Ryan,CLE,TE,11,,202,48,24.5,3.3,45.7,,,,,,,,,,,,31532,,
269,Darnell Washington,PIT,TE,9,,203,49,24.4,11.4,48.4,2.8,0.6,25.5,0.0,0.5,,3.0,,41.0,,15.1,29254,,1218658
270,Tyquan Thornton,KC,WR,5,,326,113,24.3,6.4,60.4,,,,,,,,,,,,28654,89220,1110301
271,Dawson Knox,BUF,TE,7,,204,50,24.2,14.7,45.4,5.5,7.9,21.3,0.3,0.0,2.0,3.0,5.0,45.3,50.0,22.1,26982,64585,884083
272,Tory Horton,SEA,WR,11,,329,114,24.1,4.7,53.2,,,,,,,,,,,,30461,,1223393
273,KaVontae Turpin,DAL,WR,14,,331,115,23.9,5.2,55.4,6.5,14.4,40.0,0.3,0.0,2.0,3.0,16.0,21.3,22.2,20.6,28933,60957,865958
274,Jaleel McLaughlin,DEN,RB,10,,310,72,23.7,2.5,60.2,4.7,2.6,45.0,0.0,0.0,8.0,6.7,22.0,19.7,61.5,51.8,29604,,1271738
275,Brenen Thompson,LAC,WR,7,,333,116,23.7,3.0,57.3,,,,,,,,,,,,31926,,
276,JuJu Smith-Schuster,NYG,WR,8,,335,117,23.6,3.3,104.1,2.4,1.4,13.7,0.0,0.0,2.0,3.0,78.0,83.3,4.0,7.5,4597,55987,835909
277,Sean Tucker,TB,RB,10,,313,73,23.5,2.2,65.0,2.4,6.3,2.3,0.3,0.0,4.0,3.7,7.0,7.0,80.0,78.3,29475,,1228633
278,Olamide Zaccheaus,ATL,WR,11,,336,118,23.5,5.3,43.1,4.3,,33.0,0.0,0.0,,5.0,11.0,48.5,,9.1,27196,64496,883976
279,Devin Neal,NO,RB,8,,316,74,23.3,4.6,81.3,,,,,,,,,,,,30478,,1293066
280,Jahan Dotson,ATL,WR,11,,339,119,23.2,3.7,104.8,2.8,5.5,17.7,0.0,0.0,8.0,4.0,94.0,69.3,13.3,7.9,28620,86229,1121878
281,Christian Kirk,SF,WR,8,,344,120,22.8,8.1,90.6,2.3,4.7,11.7,0.0,0.0,2.0,4.0,57.0,54.7,5.1,11.6,5044,60858,865801
282,Elijah Higgins,ARI,TE,14,,206,51,22.5,8.3,38.4,5.6,12.6,39.7,0.0,0.0,3.0,4.0,60.0,61.0,9.1,11.4,29358,,1161853
283,Jack Endries,CIN,TE,6,,207,52,22.5,2.6,43.7,,,,,,,,,,,,31517,,
284,Brian Robinson,ATL,RB,11,,327,75,22.4,7.1,62.2,2.1,2.4,19.0,0.0,0.0,2.0,4.3,14.0,14.7,33.3,46.3,28701,90562,973966
285,Ja'Tavion Sanders,CAR,TE,5,,210,53,22.0,7.8,50.0,7.9,,9.0,1.0,0.0,,2.0,,29.5,,6.5,29932,,1326628
286,Germie Bernard,PIT,WR,9,,349,121,22.0,3.7,55.6,,,,,,,,,,,,31868,,
287,Noah Fant,NO,TE,8,,211,54,21.9,10.9,43.6,0.0,0,2.5,0.0,0.5,1.0,1.0,22.0,22.0,6.7,6.3,26822,71705,923911
288,Marvin Mims Jr.,DEN,WR,10,,351,122,21.9,9.7,62.4,3.0,2.4,16.3,0.0,0.0,3.0,3.7,32.0,37.0,15.8,15.5,29224,,1213799
289,Josh Cameron,JAX,WR,7,,352,123,21.9,3.0,55.5,,,,,,,,,,,,31501,,
290,Malik Benson,LVR,WR,13,,353,124,21.9,3.0,55.6,,,,,,,,,,,,31306,,
291,Zavion Thomas,CHI,WR,10,,359,125,21.7,3.9,55.3,,,,,,,,,,,,31452,,
292,Tyler Higbee,LA,TE,11,,214,55,21.1,6.3,37.3,17.6,,91.0,1.0,0.0,6.0,6.0,64.0,64.0,12.5,12.5,4278,47870,604176
293,Tank Bigsby,PHI,RB,10,,341,76,21.1,2.7,60.8,9.4,15.7,50.7,0.7,0.0,17.0,8.0,59.0,26.3,44.7,51.6,29249,,1215035
294,Riley Leonard,IND,QB,13,,365,38,21.1,0.3,117.8,7.6,22.9,96.0,1.0,1.0,37.0,13.0,100.0,36.3,56.9,60.6,30483,,1290165
295,Dallen Bentley,DEN,TE,10,,215,56,20.9,1.0,42.1,,,,,,,,,,,,31534,,
296,Jaylin Lane,WAS,WR,7,,370,126,20.7,4.3,51.7,0.0,,0.0,0.0,0.0,,0.0,,2.0,,0.0,30423,,1214689
297,Kendrick Bourne,ARI,WR,14,,374,127,20.6,5.6,50.4,2.4,4.2,17.3,0.0,0.0,1.0,2.3,52.0,49.3,4.5,6.9,4832,80289,754412
298,Seydou Traore,MIA,TE,6,,220,57,20.1,0.6,41.3,,,,,,,,,,,,31940,,
299,Anthony Smith,DAL,WR,14,,377,128,20.1,3.0,53.7,,,,,,,,,,,,31312,,
300,Max Bredeson,MIN,RB,6,,354,77,19.7,0.7,40.9,,,,,,,,,,,,31482,,
301,Marlin Klein,HOU,TE,8,,223,58,19.3,0.1,40.5,,,,,,,,,,,,31853,,
302,Hunter Luepke,DAL,RB,14,,360,78,19.3,3.5,44.3,3.0,3.0,24.7,0.0,0.0,3.0,4.7,24.0,24.0,23.1,28.8,29425,,1130976
303,David Sills,TB,WR,10,,385,129,19.3,3.4,55.4,2.3,5.2,16.0,0.0,0.0,1.0,2.0,71.0,42.7,2.2,18.4,27408,61555,866973
304,Jerome Ford,WAS,RB,7,,362,79,19.2,6.2,62.9,,,,,,,,,,,,28758,90533,1125737
305,Justin Joly,DEN,TE,10,,225,59,19.1,2.0,40.3,,,,,,,,,,,,31478,,
306,Isaiah Hodgins,NYG,WR,8,,388,130,19.1,3.0,54.5,0.7,1.3,4.0,0.0,0.0,2.0,2.0,96.0,71.0,2.8,3.3,27649,93055,975387
307,Konata Mumpfield,LA,WR,11,,389,131,19.1,1.8,76.9,2.5,5.5,16.7,0.0,0.0,1.0,4.7,48.0,53.3,2.8,11.1,30536,,1289332
308,Adam Trautman,DEN,TE,10,,228,60,19.0,4.9,28.0,2.9,1.0,19.0,0.0,0.0,,2.5,58.0,62.7,,5.8,27548,130270,875444
309,Austin Hooper,ATL,TE,11,,229,61,18.9,10.2,38.3,4.5,7.1,16.7,0.3,0.0,1.0,2.3,41.0,37.7,4.2,9.7,4158,40126,739424
310,Deion Burks,IND,WR,13,,392,132,18.6,3.0,52.3,,,,,,,,,,,,31533,,
311,Jaren Kanak,TEN,TE,9,,234,62,18.5,0.5,39.7,,,,,,,,,,,,31313,,
312,Jaylen Wright,MIA,RB,6,,366,80,18.5,3.6,50.0,6.8,8.8,49.7,0.3,0.7,15.0,10.3,46.0,30.7,57.7,60.4,30046,,1286513
313,AJ Dillon,CAR,RB,5,,368,81,18.4,2.4,52.6,0.8,,3.0,0.0,0.0,1.0,1.0,3.0,3.0,50.0,50.0,27505,93107,1060545
314,Jawhar Jordan,HOU,RB,8,,369,82,18.4,1.7,59.3,4.5,9.2,36.3,0.0,0.0,5.0,11.0,15.0,26.0,50.0,63.1,29900,,1164137
315,Ollie Gordon II,MIA,RB,6,,371,83,18.3,4.0,64.8,0.5,1.6,3.3,0.0,0.0,10.0,3.7,36.0,18.7,50.0,27.8,30474,,1377766
316,Bam Knight,ARI,RB,14,,375,84,18.0,3.0,51.3,,,,,,,,,,,,29041,103252,1163866
317,Greg Dortch,DET,WR,6,,398,133,17.7,3.3,35.9,,,,,,,,,,,,27359,69558,910852
318,Drew Allar,PIT,QB,9,,390,39,17.6,0.0,150.2,,,,,,,,,,,,31937,,
319,Daniel Bellinger,TEN,TE,9,,237,63,17.5,7.8,39.6,6.5,8.7,24.5,0.5,0.0,2.0,2.5,92.0,77.3,2.9,3.8,28715,90307,1122035
320,Oscar Delp,NO,TE,8,,238,64,17.5,0.0,38.7,,,,,,,,,,,,31442,,
321,Eli Raridon,NE,TE,11,,239,65,17.5,0.0,38.7,,,,,,,,,,,,31777,,
322,Malik Davis,DAL,RB,14,O,378,85,17.5,1.8,40.4,6.3,8.0,63.0,0.0,0.0,,15.0,,42.0,,43.9,29032,86047,975028
323,Ameer Abdullah,JAX,RB,7,,379,86,17.5,2.8,45.4,1.8,2.6,11.0,0.0,0.0,3.0,1.7,12.0,9.3,37.5,27.5,3850,27229,590796
324,Tutu Atwell,LA,WR,11,,399,134,17.5,1.7,37.5,1.2,2.4,9.5,0.0,0.0,3.0,2.0,13.0,14.0,30.0,18.9,28062,92976,1106760
325,Cyrus Allen,KC,WR,5,,402,135,17.4,3.0,51.1,,,,,,,,,,,,31302,,
326,Mitchell Evans,CAR,TE,5,,240,66,17.3,6.0,38.4,2.0,2.8,11.3,0.0,0.0,2.0,2.7,45.0,44.0,8.7,12.5,30458,,1289471
327,Keaton Mitchell,LAC,RB,7,,380,87,17.3,2.4,50.0,2.1,4.6,17.7,0.0,0.0,2.0,7.3,14.0,22.3,28.6,51.5,29460,,1222789
328,Braelon Allen,NYJ,RB,13,,382,88,17.0,2.2,46.0,,,,,,,,,,,,29888,,1325231
329,Kaden Wetjen,PIT,WR,9,,404,136,17.0,3.2,50.6,,,,,,,,,,,,31779,,
330,Noah Gray,KC,TE,5,,246,67,16.9,7.7,36.1,1.7,4.5,10.7,0.0,0.0,5.0,2.0,56.0,52.0,13.9,6.2,28167,93143,1056981
331,Jordan Whittington,LA,WR,11,,406,137,16.7,2.3,46.4,0.8,2.4,6.3,0.0,0.0,0.0,0.3,0.0,12.0,,3.4,29850,,1163273
332,Kevin Austin Jr.,NO,WR,8,,408,138,16.6,1.4,55.9,7.2,10.4,35.7,0.3,0.0,9.0,5.7,97.0,88.0,13.6,9.8,29158,,1130526
333,Jackson Hawes,BUF,TE,7,,247,68,16.4,5.7,36.4,2.0,3.1,13.0,0.0,0.0,1.0,1.5,29.0,40.3,4.5,5.3,30468,,
334,Xavier Smith,LA,WR,11,,411,139,16.4,2.6,47.7,5.5,7.6,43.3,0.0,0.0,2.0,3.3,33.0,36.0,8.0,11.8,29710,,1137635
335,CJ Daniels,LA,WR,11,,414,140,16.2,3.0,49.9,,,,,,,,,,,,31781,,
336,Barion Brown,NO,WR,8,,415,141,16.2,3.5,49.9,,,,,,,,,,,,31500,,
337,Luke Schoonmaker,DAL,TE,14,,249,69,16.1,4.4,32.7,2.1,0.8,13.5,0.0,0.0,1.0,1.5,29.0,33.7,6.2,5.5,29219,,1130242
338,Davis Allen,LA,TE,11,,250,70,16.1,5.4,26.7,2.2,4.4,17.0,0.0,0.0,1.0,3.0,71.0,59.3,1.9,5.1,29336,,1161664
339,Cade Stover,HOU,TE,8,,251,71,15.8,2.4,36.5,1.5,0.3,8.0,0.0,0.0,2.0,2.5,49.0,51.3,6.1,7.6,29902,,1175182
340,Justice Hill,BAL,RB,13,,394,89,15.6,5.1,41.1,,,,,,,,,,,,26945,71521,923109
341,Demond Claiborne,MIN,RB,6,,395,90,15.5,0.0,56.5,,,,,,,,,,,,31505,,
342,Roschon Johnson,CHI,RB,10,,396,91,15.2,2.7,35.0,,,,,,,,,,,,29276,,1163265
343,Isaac Guerendo,SF,RB,8,,397,92,15.1,1.1,45.1,,,,,,,,,,,,29872,,1126338
344,Kalif Raymond,CHI,WR,10,,421,142,14.9,2.3,35.9,7.3,13.2,39.7,0.3,0.0,3.0,3.3,19.0,18.0,21.4,27.0,4481,70422,692660
345,Van Jefferson,WAS,WR,7,,422,143,14.9,1.5,53.8,4.8,2.7,35.0,0.0,0.0,,2.5,,49.5,,8.5,27500,64581,884080
346,Reggie Virgil,ARI,WR,14,,423,144,14.9,3.0,48.5,,,,,,,,,,,,31471,,
347,Erick All,CIN,TE,6,,258,72,14.7,3.0,39.0,,,,,,,,,,,,29936,,
348,Tim Patrick,NYJ,WR,13,,427,145,14.6,2.6,27.9,0.8,1.6,5.0,0.0,0.0,1.0,1.0,36.0,26.3,4.5,6.1,26269,57091,838179
349,Emari Demercado,KC,RB,5,,403,93,14.4,1.0,48.2,4.1,3.2,35.7,0.0,0.0,3.0,5.7,22.0,35.7,25.0,28.3,29612,,1116817
350,Jimmy Horn Jr.,CAR,WR,5,,430,146,14.4,3.2,45.2,2.1,0.6,16.3,0.0,0.0,1.0,1.3,31.0,26.3,6.2,9.6,30502,,1322393
351,Theo Wease Jr.,MIA,WR,6,,431,147,14.4,0.7,37.3,7.6,8.6,46.3,0.3,0.0,5.0,3.3,34.0,32.3,26.3,17.3,30719,,
352,DJ Giddens,IND,RB,13,,405,94,14.0,0.7,54.0,3.0,,30.0,0.0,0.0,8.0,8.0,31.0,16.5,40.0,40.0,30446,,1303569
353,Shane Zylstra,BUF,TE,7,,262,73,13.7,2.0,21.9,3.5,,20.0,0.0,0.0,,5.0,41.0,57.7,,10.2,28505,149832,1284247
354,Jonathon Brooks,CAR,RB,5,,407,95,13.7,0.7,53.3,,,,,,,,,,,,29927,,1326601
355,Kendre Miller,NO,RB,8,,409,96,13.6,1.5,42.3,,,,,,,,,,,,29232,,1213867
356,Colbie Young,CIN,WR,6,,441,148,13.5,3.0,47.2,,,,,,,,,,,,31470,,
357,K.J. Osborn,TEN,WR,9,,442,149,13.5,2.2,24.1,,,,,,,,,,,,27618,63855,881058
358,Carson Beck,ARI,QB,14,,410,40,13.1,0.0,188.1,,,,,,,,,,,,31934,,
359,Pierre Strong,GB,RB,11,,416,97,13.1,1.8,40.4,,,,,,,,,,,,28729,160306,1050335
360,Treylon Burks,WAS,WR,7,,447,150,13.1,1.2,73.1,2.6,2.4,17.7,0.0,0.0,4.0,3.7,68.0,80.7,8.5,8.2,28622,110259,1172024
361,Charlie Kolar,LAC,TE,7,,264,74,12.9,3.3,29.3,1.1,2.3,9.0,0.0,0.0,,1.0,25.0,41.0,,3.2,28730,85635,1058648
362,Joe Royer,CLE,TE,11,,265,75,12.9,0.0,34.1,,,,,,,,,,,,31488,,
363,Emmanuel Henderson Jr.,SEA,WR,11,,454,151,12.9,3.0,46.5,,,,,,,,,,,,31307,,
364,Taylen Green,CLE,QB,11,,412,41,12.8,0.0,123.7,,,,,,,,,,,,31493,,
365,Tyrell Shavers,BUF,WR,7,O,456,152,12.8,1.0,49.1,3.6,2.0,28.5,0.0,0.0,,2.5,5.0,40.0,,7.0,29731,,
366,Deshaun Watson,CLE,QB,11,,413,42,12.5,3.1,191.7,,,,,,,,,,,,4625,54879,828743
367,Connor Heyward,LVR,RB,13,,419,98,12.4,1.8,35.5,4.8,4.4,15.5,0.5,0.0,4.0,3.0,15.0,12.0,36.4,34.8,28809,92882,1057457
368,Cade Klubnik,NYJ,QB,13,,417,43,12.3,0.0,186.0,,,,,,,,,,,,31457,,
369,Josh Oliver,MIN,TE,6,,269,76,12.2,5.0,28.5,2.7,2.6,18.7,0.0,0.0,2.0,2.3,46.0,63.7,6.5,6.6,27056,63907,881779
370,Bauer Sharp,TB,TE,10,,270,77,12.1,0.0,33.3,,,,,,,,,,,,31495,,
371,Jam Miller,NE,RB,11,,420,99,12.0,0.0,53.1,,,,,,,,,,,,31530,,
372,Athan Kaliakmanis,WAS,QB,7,,418,44,11.9,0.0,121.2,,,,,,,,,,,,31518,,
373,Dyami Brown,WAS,WR,7,,469,153,11.9,2.2,42.4,1.3,,8.0,0.0,0.0,1.0,1.0,13.0,11.0,12.5,12.5,28087,93538,1107878
374,Jalen Tolbert,MIA,WR,6,,470,154,11.7,1.0,41.5,2.5,5.1,15.5,0.0,0.0,1.0,4.5,38.0,50.0,4.8,9.4,28691,88548,1066424
375,C.J. Williams,JAX,WR,7,,471,155,11.7,3.0,45.4,,,,,,,,,,,,31507,,
376,Brock Wright,DET,TE,6,,273,78,11.6,3.3,19.4,,,,,,,,,,,,28510,91046,978120
377,Riley Nowakowski,PIT,RB,9,,424,100,11.5,0.0,32.8,,,,,,,,,,,,31780,,
378,Will Kacmarek,MIA,TE,6,,275,79,11.4,0.0,32.6,,,,,,,,,,,,31899,,
379,Zavier Scott,MIN,RB,6,,426,101,11.4,1.2,51.8,1.3,2.2,9.7,0.0,0.0,4.0,2.3,9.0,7.3,66.7,52.1,29673,,1067309
380,Dameon Pierce,PHI,RB,10,,429,102,11.2,1.8,45.3,1.0,,10.0,0.0,0.0,4.0,4.0,8.0,8.0,80.0,80.0,28710,86055,1108998
381,Andrew Beck,NYJ,RB,13,,432,103,11.1,1.7,24.4,6.7,,2.0,1.0,0.0,2.0,2.0,25.0,14.3,16.7,16.7,27262,54426,824428
382,Grant Calcaterra,PHI,TE,10,,277,80,10.9,1.9,21.2,5.0,8.3,12.0,0.5,0.0,3.0,2.0,44.0,36.3,10.7,8.0,28799,86682,976221
383,Brevyn Spann-Ford,DAL,TE,14,,282,81,10.7,1.6,28.3,2.5,4.0,20.3,0.0,0.0,3.0,1.7,31.0,34.0,17.6,7.3,29818,,1108202
384,Josh Whyle,GB,TE,11,,283,82,10.6,2.5,25.9,1.1,0.4,6.0,0.0,0.0,1.0,1.0,73.0,68.5,2.7,3.0,29308,,1107037
385,Jelani Woods,NYJ,TE,13,O,284,83,10.6,0.3,31.2,0.5,0.9,2.0,0.0,0.0,,1.5,,27.5,,9.9,28676,87469,975503
386,Jeremy McNichols,WAS,RB,7,,435,104,10.6,1.5,57.5,2.2,1.1,11.0,0.0,0.0,2.0,3.3,22.0,30.3,13.3,20.7,4925,56648,837594
387,MarShawn Lloyd,GB,RB,11,,436,105,10.6,0.9,55.8,,,,,,,,,,,,29949,,1213414
388,Phil Mafah,DAL,RB,14,Q,437,106,10.5,1.2,40.9,9.9,,29.0,1.0,0.0,7.0,7.0,18.0,18.0,70.0,70.0,30533,,1287641
389,Luke McCaffrey,WAS,WR,7,,483,156,10.5,1.7,42.7,,,,,,,,,,,,29838,,1164846
390,Drew Sample,CIN,TE,6,,286,84,10.4,3.4,19.5,2.9,2.8,18.7,0.0,0.0,3.0,2.0,72.0,67.7,6.1,4.4,27013,56711,837824
391,Sincere McCormick,SF,RB,8,,439,107,10.4,1.1,60.9,,,,,,,,,,,,28967,104054,1166235
392,Julian Hill,NE,TE,11,,287,85,10.2,2.9,26.7,1.7,0.8,12.0,0.0,0.0,1.0,1.5,61.0,56.0,2.9,4.5,29601,,1123630
393,Bub Means,NO,WR,8,,488,157,10.2,1.2,42.1,,,,,,,,,,,,29788,,1172080
394,Alec Ingold,LAC,RB,7,,444,108,10.0,2.7,21.2,1.1,0.6,6.0,0.0,0.0,2.0,1.5,55.0,45.7,6.5,6.0,27212,63717,880322
395,Savion Williams,GB,WR,11,,496,158,9.8,2.4,37.4,0.9,,9.0,0.0,0.0,,2.0,,4.0,,66.7,28660,,1213872
396,Brycen Tremayne,CAR,WR,5,,497,159,9.8,1.3,36.9,1.2,3.7,9.0,0.0,0.0,2.0,1.0,14.0,14.7,28.6,13.7,29722,,1123525
397,Michael Penix Jr.,ATL,QB,11,,425,45,9.7,0.6,200.7,,,,,,,,,,,,29994,,1107478
398,Kendrick Law,DET,WR,6,,502,160,9.7,3.0,43.3,,,,,,,,,,,,31827,,
399,Cole Turner,MIA,TE,6,,292,86,9.6,0.8,20.9,,,,,,,,0.0,0.0,,,28751,94345,1122692
400,Patrick Taylor,SF,RB,8,,448,109,9.6,0.7,29.5,,,,,,,,,,,,28344,72627,943635
401,Chris Brooks,GB,RB,11,,449,110,9.6,1.2,40.9,2.7,5.7,25.3,0.0,0.0,13.0,5.3,45.0,37.0,56.5,24.2,29600,,
402,Matthew Hibner,BAL,TE,13,,293,87,9.5,0.0,30.7,,,,,,,,,,,,31291,,
403,Jaret Patterson,LAC,RB,7,,452,111,9.5,0.9,42.2,2.6,5.1,19.0,0.0,0.0,12.0,6.5,79.0,46.0,21.4,16.9,28409,88699,1108937
404,Ashton Dulin,IND,WR,13,,507,161,9.5,2.1,22.8,0.0,0.0,0.0,0.0,0.0,2.0,1.0,37.0,24.5,8.3,4.2,27327,104012,1166036
405,Hunter Long,JAX,TE,7,,295,88,9.4,1.9,23.7,,,,,,,,,,,,28086,93075,1060550
406,Kaleb Johnson,PIT,RB,9,,453,112,9.4,1.5,56.5,,,,,,,,,,,,30379,,
407,Foster Moreau,HOU,TE,8,,296,89,9.3,1.7,23.7,1.0,,5.0,0.0,0.0,,1.0,,28.0,,4.5,27030,60712,865573
408,Anthony Richardson,IND,QB,13,O,428,46,9.3,0.9,147.8,,,,,,,,,,,,29165,,1215022
409,Adam Prentice,DEN,RB,10,,458,113,9.2,1.1,31.5,0.1,0.3,1.5,0.0,0.0,0.0,1.0,20.0,20.3,0.0,4.8,28419,65231,885540
410,Raheim Sanders,CLE,RB,11,,459,114,9.1,0.7,52.7,4.2,1.5,36.7,0.0,0.0,6.0,9.3,27.0,33.0,42.9,49.5,30581,,1285895
411,Tyler Johnson,DAL,WR,14,,508,162,9.1,2.2,31.8,1.0,0.4,5.0,0.0,0.0,,1.0,,15.0,,10.6,26938,68712,911236
412,Devontez Walker,BAL,WR,13,,509,163,9.1,1.7,33.1,5.8,11.6,23.0,0.5,0.0,2.0,1.0,73.0,36.7,5.4,2.7,29809,,1277914
413,Tanner Hudson,CIN,TE,6,,300,90,9.0,3.4,21.4,2.5,3.2,17.5,0.0,0.0,,1.5,9.0,20.0,,8.3,26870,83117,1115394
414,Lil'Jordan Humphrey,DEN,WR,10,,510,164,9.0,2.3,23.3,2.3,1.9,16.0,0.0,0.0,,3.5,27.0,35.7,,13.5,27297,71031,920758
415,Trevor Etienne,CAR,RB,5,,460,115,8.9,1.4,57.2,0.0,0.0,0.0,0.0,0.0,0.0,0.0,2.0,3.3,0.0,0.0,30409,,1394803
416,LeQuint Allen Jr.,JAX,RB,7,,461,116,8.8,2.1,45.9,0.7,0.7,6.5,0.0,0.0,,2.5,18.0,22.3,,13.3,30530,,1378840
417,Bryce Lance,NO,WR,8,,511,165,8.8,3.0,42.4,,,,,,,,,,,,31468,,
418,Terrell Jennings,NE,RB,11,,462,117,8.7,0.9,42.5,,,,,,,,,,,,30187,,1182082
419,Tip Reiman,ARI,TE,14,,303,91,8.6,1.0,15.2,,,,,,,,,,,,29923,,1229489
420,Johnny Mundt,PHI,TE,10,,304,92,8.5,1.7,13.8,1.1,2.1,8.0,0.0,0.0,1.0,1.0,31.0,30.7,5.3,5.6,21438,40371,740704
421,Charlie Woerner,ATL,TE,11,,305,93,8.4,1.1,19.6,0.4,0.8,1.5,0.0,0.0,,0.5,6.0,53.7,,0.9,27632,71351,922040
422,Tyler Huntley,BAL,QB,13,,433,47,8.4,0.2,100.9,8.5,11.5,117.0,0.5,0.0,,20.0,,76.5,,39.1,27951,70051,913163
423,Cole Payton,PHI,QB,10,,434,48,8.4,0.0,166.0,,,,,,,,,,,,31303,,
424,Kylen Granson,TEN,TE,9,,306,94,8.3,1.7,20.6,1.7,5.0,10.0,0.0,0.0,5.0,1.7,77.0,35.7,10.2,3.4,28132,71143,921050
425,Darius Cooper,PHI,WR,10,,515,166,8.3,0.5,35.0,2.9,3.9,18.5,0.0,0.0,5.0,3.0,84.0,44.7,9.3,7.6,30624,,1223318
426,Jordan Watkins,SF,WR,8,,516,167,8.3,0.4,34.2,,,,,,,,,12.0,,,30433,,1222835
427,Albert Okwuegbunam,LVR,TE,13,,309,95,8.1,1.1,15.2,,,,,,,,,,,,27561,70859,920077
428,John Bates,WAS,TE,7,,311,96,8.0,2.6,15.6,4.2,8.3,6.5,0.5,0.0,2.0,1.5,59.0,50.7,4.9,4.3,28129,72705,944038
429,Malik Willis,MIA,QB,6,,438,49,8.0,0.2,119.5,22.4,18.3,256.5,2.0,1.0,,25.5,,73.5,,61.3,28689,87691,976323
430,Nate Boerkircher,JAX,TE,7,,312,97,7.9,0.0,29.1,,,,,,,,,,,,31881,,
431,Will Mallory,IND,TE,13,O,315,98,7.8,1.1,14.2,2.1,,16.0,0.0,0.0,,1.0,,19.0,,9.1,29323,,1121873
432,Brevin Jordan,HOU,TE,8,,317,99,7.7,0.8,16.2,,,,,,,,,,,,28152,94094,1121871
433,Will Levis,TEN,QB,9,,440,50,7.7,2.1,162.4,,,,,,,,,,,,29194,,1116663
434,Jahdae Walker,CHI,WR,10,,521,168,7.6,0.2,33.8,7.9,6.6,29.0,0.7,0.0,3.0,3.3,36.0,41.7,15.0,14.1,30601,,1465213
435,Josh Cuevas,BAL,TE,13,,319,100,7.5,0.0,28.7,,,,,,,,,,,,31299,,
436,British Brooks,HOU,RB,8,,475,118,7.5,0.5,27.4,3.1,6.3,31.5,0.0,0.0,13.0,6.5,26.0,11.3,72.2,36.1,30107,,1128295
437,Casey Washington,CAR,WR,5,,523,169,7.5,0.8,34.5,,,,,,,,,,,,29758,,1176431
438,Garrett Nussmeier,KC,QB,5,,443,51,7.4,0.0,158.4,,,,,,,,,,,,31318,,
439,Derius Davis,LAC,WR,7,,525,170,7.4,1.0,26.2,1.2,,7.0,0.0,0.0,1.0,1.0,66.0,66.0,2.1,2.1,29286,,1113477
440,Mo Alie-Cox,IND,TE,13,,322,101,7.2,2.6,11.6,5.3,6.9,19.3,0.3,0.0,4.0,3.0,42.0,35.3,14.8,14.2,26065,24533,712506
441,Nate Adkins,DEN,TE,10,,323,102,7.2,2.1,22.4,0.0,,0.0,0.0,0.0,,1.0,39.0,25.0,,14.3,29603,,1132517
442,Spencer Rattler,NO,QB,8,,445,52,7.2,0.0,141.5,,,,,,,,,,,,29789,,1174752
443,Luke Farrell,SF,TE,8,,324,103,7.1,2.7,13.8,0.0,,0.0,0.0,0.0,,0.0,19.0,32.7,,0.0,28150,73176,946541
444,Robert Tonyan,PIT,TE,9,,328,104,6.9,0.7,20.5,,,,,,,,3.0,2.3,,,26332,80353,660151
445,Dillon Gabriel,CLE,QB,11,,446,53,6.9,0.4,151.2,0.0,,0.0,0.0,0.0,,0.0,,2.0,,0.0,30389,,1165333
446,Odell Beckham Jr.,NYG,WR,8,,527,171,6.8,1.5,34.1,,,,,,,,,,,,5423,31360,589984
447,Tai Felton,MIN,WR,6,,528,172,6.7,0.7,33.1,0.6,1.1,3.0,0.0,0.0,0.0,0.5,13.0,8.0,0.0,7.2,30397,,1287587
448,Tanner Conner,NYG,TE,8,,330,105,6.6,0.7,16.3,,,,,,,,,,,,29003,170188,946261
449,Trey Lance,LAC,QB,7,,450,54,6.6,0.3,127.0,8.3,,205.0,0.0,2.0,53.0,53.0,100.0,100.0,74.6,74.6,28008,149696,1130975
450,Behren Morton,NE,QB,11,,451,55,6.5,0.0,136.6,,,,,,,,,,,,31524,,
451,Nick Westbrook-Ikhine,IND,WR,13,,530,173,6.5,3.2,27.0,0.0,,0.0,0.0,0.0,0.0,0.0,11.0,11.0,0.0,0.0,27834,64389,883259
452,Elijah Moore,PHI,WR,10,,531,174,6.5,2.5,41.2,,,,,,,,,,,,28039,88575,1128783
453,James Mitchell,CAR,TE,5,,332,106,6.4,0.9,16.0,,,,,,,,8.0,8.0,,,28778,85986,1123712
454,Devin Culp,TB,TE,10,,334,107,6.3,0.4,24.5,,,,,,,,0.0,0.0,,,29790,,1107536
455,Tyrod Taylor,GB,QB,11,Q,455,56,6.2,0.1,127.7,,,,,,,,,,,,2554,14377,399579
456,Jacob Cowing,SF,WR,8,Q,535,175,6.2,0.6,34.9,,,,,,,,,,,,29870,,1181861
457,Quintin Morris,JAX,TE,7,,337,108,6.1,0.6,11.7,2.7,7.0,3.3,0.3,0.0,1.0,0.7,43.0,28.0,3.8,3.0,28518,90123,1059680
458,Tyler Badie,DEN,RB,10,,491,119,6.1,1.0,37.4,1.5,3.8,9.3,0.0,0.0,4.0,2.3,15.0,16.3,44.4,21.5,28797,94887,1124338
459,Marquez Valdes-Scantling,DAL,WR,14,,538,176,6.1,3.0,32.7,3.5,4.8,20.3,0.0,0.3,7.0,6.3,84.0,69.3,11.1,12.5,5171,40647,742382
460,Skyy Moore,GB,WR,11,,539,177,6.1,0.9,28.8,1.3,2.8,11.0,0.0,0.0,0.0,0.7,12.0,9.7,0.0,13.1,28658,112062,1176730
461,Mac Jones,SF,QB,8,,457,57,6.0,2.2,179.3,0.0,,-3.0,0.0,0.0,,3.0,,5.0,,100.0,28020,90584,973945
462,Arian Smith,NYJ,WR,13,,540,178,6.0,0.4,34.0,0.4,1.0,2.3,0.0,0.0,3.0,1.7,33.0,20.0,18.8,14.4,30405,,1218653
463,Payne Durham,TB,TE,10,,338,109,5.9,0.8,15.7,0.0,,0.0,0.0,0.0,1.0,1.0,27.0,20.7,5.6,5.6,29332,,1130260
464,George Holani,SEA,RB,11,,494,120,5.9,0.8,35.8,,,,,,,,,,,,30166,,1180625
465,Corey Kiner,ARI,RB,14,,495,121,5.9,0.4,38.0,2.4,3.6,20.7,0.0,0.0,6.0,4.3,25.0,15.0,42.9,53.2,30554,,1286050
466,Jack Stoll,CLE,TE,11,,342,110,5.7,0.8,7.8,0.9,,4.0,0.0,0.0,,2.0,,15.5,,8.7,28400,69451,911985
467,Tahj Washington,PHI,WR,10,,541,179,5.7,0.3,34.0,3.6,,26.0,0.0,0.0,3.0,3.0,38.0,23.5,14.3,14.3,30068,,1173032
468,Tahj Brooks,CIN,RB,6,,505,122,5.6,0.7,39.7,1.5,1.7,13.0,0.0,0.0,,4.0,0.0,8.0,,51.5,30487,,1228730
469,Jalen Brooks,ARI,WR,14,,544,180,5.6,0.6,48.9,0.0,0.0,0.0,0.0,0.0,0.0,0.0,27.0,20.7,0.0,0.0,29405,,1223301
470,Jaheim Bell,PIT,TE,9,,343,111,5.5,0.2,18.2,,,,,,,,,,,,29983,,1229765
471,Salvon Ahmed,CHI,RB,10,,506,123,5.5,1.4,26.6,,,,,,,,,,,,27900,86780,1049246
472,Jake Bobo,SEA,WR,11,,545,181,5.5,0.5,22.3,0.0,,0.0,0.0,0.0,,0.0,13.0,19.5,,0.0,29552,,1121050
473,Andrew Ogletree,IND,TE,13,,345,112,5.3,0.8,16.7,1.6,,11.0,0.0,0.0,,2.0,,8.0,,40.0,28793,147049,1271740
474,Ben Sims,MIA,TE,6,,346,113,5.3,0.4,15.4,1.5,1.5,10.5,0.0,0.0,4.0,2.5,34.0,24.3,17.4,12.2,29534,,1129452
475,Cedrick Wilson Jr.,DET,WR,6,,548,182,5.3,0.3,17.6,1.0,1.6,6.3,0.0,0.0,2.0,1.7,64.0,62.0,5.6,4.7,5204,69581,912061
476,Durham Smythe,BAL,TE,13,,347,114,5.1,0.3,17.1,0.8,1.6,5.5,0.0,0.0,0.0,0.5,22.0,20.7,0.0,3.5,5120,42046,749968
477,Sam Howell,DAL,QB,14,,463,58,5.1,0.7,141.0,,,,,,,,,,,,28746,104576,1168245
478,Jonathan Mingo,DAL,WR,14,,549,183,5.1,0.8,27.0,0.0,0.0,0.0,0.0,0.0,1.0,1.0,44.0,29.7,4.2,7.2,29200,,1176782
479,Sam Ehlinger,DEN,QB,10,,464,59,5.0,0.2,96.6,,,,,,,,,,,,28223,92560,975829
480,Josh Johnson,CIN,QB,6,,465,60,4.8,0.1,108.9,8.2,15.7,142.3,0.7,1.3,31.0,22.0,100.0,79.7,44.9,49.5,1289,8023,273278
481,Joe Milton III,DAL,QB,14,,466,61,4.8,0.0,91.7,2.6,5.2,67.0,0.0,1.0,17.0,10.0,49.0,29.0,63.0,61.5,29986,,1112338
482,KeAndre Lambert-Smith,LAC,WR,7,,550,184,4.8,0.1,35.1,1.6,3.4,11.3,0.0,0.0,5.0,2.3,32.0,21.7,21.7,14.4,30453,,1214405
483,Xavier Restrepo,TEN,WR,9,,551,185,4.8,0.4,30.4,,,,,,,,,,,,30552,,1214183
484,Ian Thomas,LVR,TE,13,,348,115,4.7,0.8,16.5,,,,,,,,39.0,37.5,,,5098,72515,943093
485,Velus Jones Jr.,SEA,WR,11,,552,186,4.7,0.3,21.4,,,,,,,,,,,,28674,70661,919304
486,Moliki Matavao,NO,TE,8,,350,116,4.6,0.2,16.4,2.0,,10.0,0.0,0.0,,2.0,35.0,37.3,,7.4,30542,,1286173
487,Tua Tagovailoa,ATL,QB,11,,467,62,4.6,2.3,254.0,,,,,,,,,,,,27448,90572,973947
488,Jake Browning,TB,QB,10,,468,63,4.6,0.0,121.8,,,,,,,,,,,,27753,60840,865844
489,Lew Nichols III,PIT,RB,9,,512,124,4.6,0.6,39.3,,,,,,,,,,,,29396,,1166480
490,Malachi Corley,CLE,WR,11,,553,187,4.6,2.2,42.2,3.6,4.2,27.7,0.0,0.0,5.0,4.3,42.0,41.7,22.7,17.0,30031,,1215291
491,Tylan Wallace,CLE,WR,11,,554,188,4.6,0.2,26.1,,,,,,,,2.0,2.0,,,28136,87515,1062546
492,Eric Saubert,SEA,TE,11,,355,117,4.5,1.0,14.7,0.7,2.0,3.3,0.0,0.0,3.0,1.7,70.0,53.3,6.2,4.0,4578,79980,694931
493,Jared Wiley,KC,TE,5,,356,118,4.5,0.4,15.0,0.0,,0.0,0.0,0.0,0.0,0.0,19.0,11.7,0.0,0.0,29971,,1163272
494,Blake Whiteheart,CLE,TE,11,,357,119,4.5,0.0,18.4,0.0,0.0,0.0,0.0,0.0,1.0,1.0,65.0,54.3,2.9,3.0,29503,,1109731
495,Patrick Ricard,NYG,RB,8,,513,125,4.5,1.5,15.2,0.7,1.3,4.0,0.0,0.0,1.0,0.5,51.0,55.3,3.8,1.9,4583,80299,658389
496,Lucas Krull,DEN,TE,10,O,358,120,4.4,1.2,12.1,,,,,,,,,,,,29072,,1122323
497,Scott Miller,CHI,WR,10,,555,189,4.4,0.9,18.4,3.1,2.1,17.7,0.0,0.0,2.0,4.0,21.0,35.0,12.5,16.4,27144,61273,866578
498,Justin Watson,HOU,WR,8,,556,190,4.4,1.6,19.8,0.0,,0.0,0.0,0.0,0.0,0.0,19.0,19.0,0.0,0.0,5141,83083,832220
499,Brittain Brown,CHI,RB,10,,514,126,4.3,0.5,27.1,,,,,,,,,,,,28851,71459,922451
500,Jalin Hyatt,NYG,WR,8,Q,557,191,4.3,0.2,31.8,,,,,,,,,,,,29234,,1232892
501,Stone Smartt,PHI,TE,10,,361,121,4.2,0.9,9.6,4.3,3.1,26.0,0.0,0.0,,4.0,62.0,39.3,,21.9,28929,103966,1056865
502,Eric Gray,NYG,RB,8,,517,127,4.1,0.4,20.5,,,,,,,,0.0,2.5,,,29333,,1161798
503,Jalen Reagor,MIA,WR,6,,558,192,4.1,0.8,24.5,,,,,,,,,,,,27464,94625,976066
504,Carson Wentz,MIN,QB,6,,472,64,4.0,0.3,193.0,,,,,,,,,,,,4221,70324,613866
505,Tyson Bagent,CHI,QB,10,,473,65,4.0,0.0,79.1,,,,,,,,,,,,29602,,1444140
506,Thomas Fidone II,NYG,TE,8,,363,122,3.9,0.2,14.8,,,,,,,,,,,,30513,,1287655
507,Jalen Royals,KC,WR,5,,559,193,3.9,0.7,28.7,1.4,,4.0,0.0,0.0,3.0,3.0,67.0,28.7,7.0,7.0,30428,,1403491
508,Zach Wilson,NO,QB,8,,474,66,3.8,0.5,101.2,0.0,,0.0,0.0,0.0,2.0,2.0,5.0,5.0,66.7,66.7,28007,90406,1108052
509,Will Shipley,PHI,RB,10,,518,128,3.8,0.9,23.7,1.1,2.1,6.0,0.0,0.0,4.0,2.3,41.0,20.3,15.4,22.6,29748,,1287636
510,Mecole Hardman,BUF,WR,7,,560,194,3.8,0.0,21.0,0.0,,0.0,0.0,0.0,,0.0,,0.0,,,27046,71352,922026
511,Dylan Laube,LVR,RB,13,,519,129,3.7,0.7,28.5,0.0,0.0,0.0,0.0,0.0,0.0,0.0,0.0,0.0,,,29827,,1122182
512,Cameron Latu,PHI,TE,10,,364,123,3.6,0.1,13.1,0.0,,0.0,0.0,0.0,0.0,0.0,30.0,20.5,0.0,0.0,29262,,1125739
513,Shedrick Jackson,LVR,WR,13,,561,195,3.6,0.5,20.4,2.5,1.1,17.0,0.0,0.0,2.0,2.5,8.0,11.0,40.0,38.8,29649,,1114364
514,Mitchell Tinsley,CIN,WR,6,,562,196,3.6,0.7,32.0,0.0,,0.0,0.0,0.0,,1.0,12.0,25.7,,4.5,29456,,1215305
515,Ko Kieft,TB,TE,10,,367,124,3.5,0.1,9.5,,,,,,,,,,,,28819,68714,911239
516,Julius Chestnut,TEN,RB,9,,520,130,3.5,0.3,29.7,0.0,0.1,0.3,0.0,0.0,0.0,0.3,0.0,1.0,,50.0,29002,170184,1125846
517,Braxton Berrios,NYG,WR,8,,563,197,3.5,0.7,18.9,,,,,,,,,,,,5206,52495,820866
518,Ben Yurosek,MIN,TE,6,,372,125,3.3,0.1,13.8,1.4,,9.0,0.0,0.0,1.0,1.0,39.0,22.7,3.8,3.8,30662,,1216808
519,Teagan Quitoriano,ARI,TE,14,,373,126,3.3,0.3,13.1,0.0,,0.0,0.0,0.0,,0.0,3.0,18.7,,0.0,28772,93026,1128538
520,Ty Chandler,NO,RB,8,,522,131,3.2,0.8,30.3,3.7,2.5,29.0,0.0,0.0,14.0,10.5,43.0,33.5,48.3,51.0,28771,87371,1059576
521,Kenny Pickett,CAR,QB,5,,476,67,3.1,0.2,78.0,0.3,0.6,14.0,0.0,0.5,5.0,3.5,18.0,14.0,45.5,39.4,28624,92020,976924
522,Jalen Milroe,SEA,QB,11,,477,68,3.1,0.3,129.9,,,,,,,,,,,,30387,,1290102
523,Ronnie Rivers,LA,RB,11,,524,132,3.1,0.7,23.5,0.2,0.5,1.7,0.0,0.0,0.0,0.3,4.0,3.0,0.0,16.6,29030,91971,976804
524,Drake Dabney,GB,TE,11,,376,127,3.0,0.0,10.3,0.8,,3.0,0.0,0.0,2.0,2.0,88.0,51.5,4.4,4.4,30731,,
525,Jameis Winston,NYG,QB,8,,478,69,2.7,0.0,142.7,,,,,,,,,,,,3869,24849,691536
526,Tommy DeVito,NE,QB,11,,479,70,2.7,0.2,74.3,,,,,,,,,,,,29640,,1060671
527,Michael Bandy,DEN,WR,10,,564,198,2.7,0.2,20.9,2.4,,14.0,0.0,0.0,,2.0,,10.0,,28.6,28546,154661,920482
528,Amar Johnson,LAC,RB,7,,526,133,2.6,0.2,27.4,,,,,,,,,,,,30697,,
529,Max Brosmer,MIN,QB,6,,480,71,2.5,0.2,121.7,2.0,3.4,57.7,0.0,0.7,8.0,12.7,36.0,61.3,33.3,36.0,30672,,
530,Mike Woods,GB,WR,11,,565,199,2.5,0.6,24.9,,,,,,,,,,,,28803,,
531,Gardner Minshew,ARI,QB,14,,481,72,2.4,0.0,61.1,1.4,,23.0,0.0,0.0,,9.0,,31.0,,64.3,27052,61798,867303
532,Drew Lock,SEA,QB,11,,482,73,2.4,0.0,57.1,,,,,,,,,,,,27139,64051,882345
533,Cody White,SEA,WR,11,,566,200,2.4,0.2,16.5,0.0,,0.0,0.0,0.0,,0.0,,4.5,,0.0,28373,92890,1057484
534,Brenden Bates,CLE,TE,11,,381,128,2.3,0.1,14.3,1.2,2.4,8.3,0.0,0.0,1.0,1.0,46.0,45.3,4.2,3.9,30120,,1113381
535,Rasheen Ali,BAL,RB,13,,529,134,2.2,0.9,26.8,1.0,1.8,3.3,0.0,0.0,1.0,2.0,16.0,19.3,12.5,16.4,29800,,1229133
536,Jared Wayne,HOU,WR,8,,567,201,2.2,0.0,23.6,,,,,,,,,,,,29488,,1176733
537,Myles Price,MIN,WR,6,O,568,202,2.2,0.1,25.1,0.0,0.0,0.0,0.0,0.0,,0.0,,1.5,,0.0,30614,,1228728
538,Brayden Willis,SF,TE,8,,383,129,2.0,0.1,8.7,0.0,,0.0,0.0,0.0,,0.0,,1.0,,0.0,29408,,1125589
539,Colson Yankoff,WAS,TE,7,,384,130,2.0,0.2,14.1,,,,,,,,19.0,14.0,,,30125,,1107232
540,Reggie Gilliam,NE,RB,11,,532,135,2.0,0.9,12.7,1.6,3.1,13.0,0.0,0.0,3.0,1.5,20.0,17.0,20.0,10.0,27845,70426,915066
541,Nikko Remigio,KC,WR,5,,569,203,2.0,0.5,18.1,0.0,,0.0,0.0,0.0,,0.0,,9.0,,0.0,29511,,1127080
542,Simi Fehoko,ARI,WR,14,,570,204,2.0,0.3,15.3,,,,,,,,,,,,28184,89613,1123496
543,David Martin-Robinson,TEN,TE,9,,386,131,1.8,0.9,13.0,1.1,1.9,7.7,0.0,0.0,3.0,1.3,41.0,27.3,13.6,8.7,30082,,1124199
544,Jack Westover,NE,TE,11,,387,132,1.8,0.0,16.1,0.5,,0.0,0.0,0.0,1.0,1.0,36.0,28.3,4.8,4.8,29911,,1121863
545,Dareke Young,LVR,WR,13,,571,205,1.8,0.2,20.5,0.0,0.0,0.0,0.0,0.0,,0.5,12.0,9.7,,9.1,28834,169834,1384869
546,Tanner McKee,PHI,QB,10,,484,74,1.7,0.0,66.7,6.0,11.9,121.0,0.5,0.5,42.0,22.0,100.0,53.0,65.6,57.8,29349,,1123521
547,Tyler Goodson,ATL,RB,11,,533,136,1.7,0.6,10.4,0.6,0.6,6.0,0.0,0.0,1.0,2.0,5.0,6.5,33.3,46.6,29094,,1168918
548,Michael Burton,CLE,RB,11,,534,137,1.7,0.4,10.0,,,,,,,,,,,,3918,26057,556483
549,Cam Grandy,CIN,TE,6,Q,391,133,1.6,0.2,6.8,0.6,,1.0,0.0,0.0,,1.0,,8.0,,20.0,30202,,1251513
550,Mitchell Trubisky,TEN,QB,9,,485,75,1.6,0.0,147.8,28.9,,264.0,4.0,0.0,34.0,34.0,99.0,99.0,45.9,45.9,5252,38628,728169
551,Davis Mills,HOU,QB,8,,486,76,1.6,0.0,90.8,2.6,,48.0,0.0,0.0,10.0,10.0,35.0,35.0,41.7,41.7,28072,89628,1060311
552,Kalel Mullings,TEN,RB,9,,536,138,1.6,0.1,22.7,0.2,0.4,2.0,0.0,0.0,,1.0,0.0,2.7,,60.0,30482,,1229673
553,DeeJay Dallas,JAX,RB,7,,537,139,1.6,0.5,20.0,0.7,2.1,7.0,0.0,0.0,0.0,1.0,0.0,4.7,,30.0,27587,94087,976309
554,Xavier Weaver,ARI,WR,14,,572,206,1.6,0.0,48.1,3.1,0.5,21.5,0.0,0.0,,2.5,78.0,63.0,,8.0,29925,,1180538
555,Maurice Alexander,CHI,WR,10,,573,207,1.6,0.2,16.3,,,,,,,,,2.0,,,29038,,
556,Kameron Johnson,TB,WR,10,,574,208,1.5,0.0,24.2,0.0,0.0,0.0,0.0,0.0,0.0,0.0,0.0,0.7,,0.0,30110,,1412326
557,Joe Flacco,CIN,QB,6,,487,77,1.4,0.0,152.7,0.5,1.0,10.7,0.0,0.0,1.0,3.7,1.0,9.3,100.0,62.0,166,6714,216342
558,Chris Manhertz,NYG,TE,8,,393,134,1.2,0.1,3.1,0.0,0.0,0.0,0.0,0.0,1.0,0.5,31.0,33.3,4.3,2.1,4519,18009,563293
559,Mason Rudolph,PIT,QB,9,,489,78,1.1,0.0,72.7,,,,,,,,,,,,5073,53729,823220
560,Jacob Saylors,DET,RB,6,,542,140,1.1,0.2,24.0,0.0,,0.0,0.0,0.0,,0.0,0.0,0.0,,,29656,,1131457
561,Travis Homer,PIT,RB,9,,543,141,1.1,0.0,7.3,0.0,0.0,0.0,0.0,0.0,0.0,0.0,0.0,0.0,,,27090,71444,922484
562,Jarrett Stidham,DEN,QB,10,,490,79,1.0,0.0,44.9,,,,,,,,,,,,26961,60947,865868
563,Chris Blair,ATL,WR,11,,575,209,1.0,0.5,11.2,0.0,,0.0,0.0,0.0,,0.0,,6.0,,,28342,147168,1120347
564,Laquon Treadwell,IND,WR,13,,576,210,0.9,0.3,13.5,0.0,,0.0,0.0,0.0,,0.0,8.0,5.7,,0.0,4382,41806,748554
565,Aidan O'Connell,LVR,QB,13,,492,80,0.8,0.0,49.7,4.8,,109.0,0.0,0.0,23.0,23.0,82.0,82.0,45.1,45.1,29296,,1066811
566,Hendon Hooker,TEN,QB,9,,493,81,0.8,0.0,43.7,,,,,,,,,,,,29229,,976966
567,Sione Vaki,DET,RB,6,,546,142,0.8,0.2,10.8,0.0,0.0,0.0,0.0,0.0,0.0,0.0,0.0,0.0,,,29857,,1381164
568,Gary Brightwell,CIN,RB,6,,547,143,0.7,0.2,6.5,,,,,,,,,,,,28201,88109,1068738
569,Dylan Drummond,ATL,WR,11,,577,211,0.7,0.0,23.9,0.0,0.0,0.0,0.0,0.0,0.0,0.0,16.0,6.3,0.0,0.0,29638,,1108534
570,Andy Dalton,PHI,QB,10,,498,82,0.5,0.0,78.3,,,,,,,,,,,,2239,14225,322858
571,Teddy Bridgewater,TB,QB,10,,499,83,0.5,0.0,52.2,,,,,,,,,,,,3557,33259,592195
572,Shane Buechele,BUF,QB,7,,500,84,0.5,0.0,63.2,3.9,,92.0,0.0,0.0,15.0,15.0,45.0,45.0,51.7,51.7,28524,69833,911619
573,Coleman Owen,IND,WR,13,,578,212,0.5,0.0,22.5,0.0,,0.0,0.0,0.0,,1.0,,2.0,,100.0,30716,,
574,Case Keenum,CHI,QB,10,,501,85,0.4,0.0,42.8,,,,,,,,,,,,3269,22994,338280
575,Tom Kennedy,DET,WR,6,,579,213,0.4,0.1,11.9,0.0,0.0,0.0,0.0,0.0,0.0,0.0,1.0,0.7,0.0,0.0,27326,104388,837087
576,Anthony Gould,IND,WR,13,,580,214,0.4,0.2,18.0,,,,,,,,,,,,29778,,1161661
577,Nick Mullens,JAX,QB,7,,503,86,0.2,0.0,50.3,0.6,,14.0,0.0,0.0,5.0,5.0,18.0,18.0,45.5,45.5,26258,41562,748309
578,Kyle Allen,BUF,QB,7,,504,87,0.2,0.0,17.4,,,,,,,,,,,,26564,53095,822350
579,Mason Tipton,NO,WR,8,,581,215,0.2,0.0,26.1,6.1,,41.0,0.0,0.0,,6.0,,50.0,,15.4,30103,,1182695
580,Princeton Fant,DAL,TE,14,,400,135,0.1,0.0,7.8,,,,,,,,,,,,29662,,1059585
581,Hayden Rucci,SF,TE,8,,401,136,0.1,0.0,6.2,,,,,,,,,,,,30245,,1180294
582,Brandon Allen,NYG,QB,8,,582,88,0.0,0.0,26.0,0.9,,72.0,0.0,1.0,30.0,30.0,91.0,91.0,61.2,61.2,5350,31170,604390
